,degrees,distance,strength,rad,x,y
0,0.625,6.5,98,0.01090830782496456,6.499613282500974,0.07090259471218543
1,1.312,7.0,159,0.022898719786165606,6.998164850403244,0.1602770307328652
2,2.875,6.8,98,0.050178215994836975,6.791441094639714,0.341068699881595
3,3.5,7.0,159,0.061086523819801536,6.986943588953069,0.4273397767439981
4,4.187,6.9,159,0.07307693578100258,6.8815843745342855,0.5037821911953332
5,4.812,6.5,159,0.08398524360596714,6.477089527659225,0.5452625520675283
6,5.5,6.7,175,0.09599310885968812,6.669154529060099,0.6421665418855007
7,6.125,6.9,175,0.10690141668465268,6.860611232925538,0.7362156685754042
8,7.687,6.9,98,0.1341634596008041,6.837993665482704,0.92295321160849
9,8.312,7.3,159,0.14507176742576866,7.223317394363294,1.0553131384990297
10,8.937,7.4,159,0.1559800752507332,7.310162166043036,1.1495777947372638
11,10.75,6.8,84,0.18762289458939044,6.680662704533466,1.2683634448593955
12,11.437,6.1,167,0.19961330655059145,5.978874305024697,1.2095710168135816
13,12.0,7.0,167,0.20943951023931956,6.84703320513664,1.4553818357243153
14,12.687,7.0,159,0.22142992220052057,6.829090802495384,1.5373739985029524
15,13.312,6.9,175,0.23233823002548515,6.71460162250977,1.588749524308086
16,14.0,7.5,167,0.24434609527920614,7.277217947069974,1.814414216997508
17,15.75,7.2,84,0.2748893571891069,6.92967770246626,1.9543712390285348
18,17.812,7.1,70,0.31087804636523,6.759663965014342,2.171852453571969
19,20.062,6.9,70,0.3501479545351024,6.481321588033272,2.366953838268476
20,22.437,7.6,50,0.39159952426996775,7.024678148184271,2.9006718039830703
21,24.875,6.7,45,0.4341506514335895,6.078425184460719,2.8182880046073495
22,27.25,8.6,70,0.4756022211684548,7.645547416777333,3.937715670005828
23,29.687,7.4,70,0.5181358950395566,6.428704919824813,3.6649356138710325
24,32.062,7.1,65,0.5595874647744219,6.017066620702979,3.768940074082106
25,34.375,9.4,50,0.5999569303730508,7.75838337099772,5.307305104158424
26,36.75,8.9,50,0.6414085001079161,7.131158932950441,5.325088945078865
27,39.25,9.2,50,0.6850417314077744,7.124412325556107,5.820889022775147
28,41.625,7.4,55,0.7264933011426397,5.531561618783217,4.915468040543485
29,44.187,8.4,60,0.7712086365787344,6.0233776758951265,5.854820353651189
30,46.5,10.0,50,0.8115781021773633,6.88354575693754,7.253743710122876
31,47.062,9.2,175,0.8213868525735714,6.267100352539485,6.735239652098465
32,47.562,9.4,183,0.830113498833543,6.343044812922382,6.937274861302418
33,48.125,9.5,183,0.8399397025222711,6.341323384933551,7.0737272867771
34,48.625,9.3,175,0.8486663487822428,6.147155893559317,6.978715814552055
35,51.062,9.3,60,0.8912000226533445,5.844855350102412,7.233786417663934
36,53.5,9.3,45,0.9337511498169663,5.531851916787475,7.475868803740122
37,55.812,9.4,40,0.9741031621230751,5.281955336446172,7.775663818850955
38,58.312,9.9,40,1.0177363934229333,5.200405116257577,8.42411933835235
39,60.25,7.9,70,1.0515608743265836,3.9201103790341447,6.858770634464224
40,62.25,8.8,70,1.08646745936647,4.0974077788609815,7.787891209674768
41,62.812,8.0,167,1.0962762097626781,3.655293104841247,7.116096705195907
42,63.437,8.5,175,1.1071845175876427,3.801043386689095,7.602767204939732
43,64.0,8.5,167,1.117010721276371,3.7261547477071586,7.63974939354292
44,64.625,8.8,175,1.1279190291013355,3.7711602562155035,7.950996813100898
45,65.125,8.9,175,1.1366456753613072,3.74369600612021,8.074325991298567
46,65.687,9.2,183,1.146454425757515,3.78783447746383,8.3840509284794
47,66.187,8.9,183,1.1551810720174869,3.5934006651679304,8.142325936706948
48,66.75,9.7,183,1.1650072757062149,3.829015406927393,8.912274738444312
49,67.25,9.5,183,1.1737339219661866,3.673754135549796,8.760909230869292
50,67.875,10.1,175,1.1846422297911512,3.803947867101429,9.356280277138692
51,68.375,10.4,183,1.1933688760511227,3.8327141751974936,9.668004036575502
52,68.875,10.3,191,1.2020955223110945,3.71215967160102,9.6078025881332
53,69.375,10.8,183,1.210822168571066,3.804300517549323,10.107784008979118
54,69.937,10.8,183,1.2206309189672742,3.704974369528,10.144612605769657
55,70.5,11.1,183,1.2304571226560024,3.7052561374948567,10.46332055112318
56,71.0,10.9,191,1.239183768915974,3.548692883583009,10.306152474032553
57,71.562,10.8,183,1.248992519312182,3.415805487522866,10.245597731289703
58,72.062,11.1,191,1.2577191655721538,3.4186631532515857,10.560432862558235
59,72.562,11.0,191,1.2664458118321253,3.2964096285214852,10.494459660267928
60,73.125,10.6,183,1.2762720155208536,3.0770175788973004,10.143567558761415
61,73.625,10.7,183,1.2849986617808251,3.016574498144104,10.265976733713487
62,74.187,10.6,183,1.2948074121770332,2.8884847398963274,10.198855617537982
63,74.687,10.9,191,1.3035340584370048,2.878601647951246,10.513022997806692
64,75.25,10.6,183,1.313360262125733,2.6987806509785925,10.250686952487797
65,75.75,10.3,183,1.3220869083857045,2.5353789181986297,9.983078369979571
66,76.312,10.8,183,1.3318956587819126,2.5556543290886284,10.493265981104765
67,76.812,10.6,183,1.3406223050418844,2.4183577676816967,10.320443096470887
68,77.375,10.5,183,1.3504485087306124,2.294974968671329,10.246125604011109
69,77.937,10.5,183,1.3602572591268205,2.194364490953033,10.268143185641911
70,78.437,10.7,183,1.3689839053867923,2.144764679698858,10.482842384998271
71,79.0,10.6,191,1.3788101090755203,2.022575350991376,10.405248144545238
72,79.5,10.5,183,1.387536755335492,1.913473017667548,10.324176529421523
73,80.062,10.2,183,1.3973455057317001,1.760340598986772,10.046949834430292
74,80.562,10.7,183,1.4060721519916717,1.7545886290846326,10.55516076346954
75,81.125,10.4,183,1.4158983556804,1.6045046448332598,10.275483679355853
76,81.625,10.6,183,1.4246250019403714,1.5439044497589633,10.48696138307062
77,82.125,10.2,183,1.4333516482003432,1.3975258851560735,10.103807272524488
78,82.625,10.4,191,1.4420782944603148,1.3349740160519816,10.313963562882412
79,83.187,10.3,183,1.4518870448565229,1.2218813984352725,10.22726776065621
80,83.75,10.2,183,1.461713248545251,1.110442123490038,10.13937464986766
81,84.25,10.5,183,1.4704398948052226,1.0519746469268012,10.447169441634573
82,84.812,10.4,183,1.4802486452014307,0.9404096069764143,10.35739493169525
83,85.312,10.4,183,1.4889752914614023,0.849989624518041,10.365207071651376
84,85.875,10.6,191,1.4988014951501305,0.7624861234612258,10.57254060817593
85,86.375,10.4,175,1.507528141410102,0.6575502424309603,10.379192053270765
86,87.062,11.4,175,1.5195185533713031,0.5843104731506289,11.38501564649634
87,87.75,13.1,175,1.5315264186250241,0.5143035864437995,13.08990037475347
88,88.187,14.2,175,1.5391535074562395,0.4492530553978092,14.192891590236844
89,88.937,21.0,183,1.5522434768461968,0.38958749815388927,20.99638591713541
90,89.562,33.8,183,1.5631517846711613,0.25838300715662293,33.79901238529926
91,90.125,33.4,175,1.5729779883598896,-0.07286743846684894,33.39992051392355
92,90.687,38.4,159,1.5827867387560977,-0.4604207866772626,38.39723964947474
93,91.375,39.8,175,1.5947946040098187,-0.9550397563396841,39.78853979557192
94,91.937,39.6,175,1.6046033544060267,-1.3385032934583434,39.577372435943765
95,92.562,39.8,175,1.6155116622309913,-1.7790773460015417,39.76021735097714
96,93.187,40.0,175,1.6264199700559558,-2.223798581395119,39.93813615918231
97,93.75,39.6,167,1.6362461737446838,-2.5899639175136597,39.5152133602487
98,94.25,39.9,175,1.6449728200046556,-2.956928758796429,39.79028238546948
99,94.812,39.9,183,1.6547815704008637,-3.3470732042299023,39.75936494670817
100,95.312,39.6,183,1.6635082166608353,-3.666133528684867,39.4299310796995
101,96.0,40.1,175,1.6755160819145565,-4.191591377032908,39.88032800426776
102,96.562,40.1,175,1.6853248323107644,-4.582559649355489,39.83729593057364
103,97.187,40.4,183,1.6962331401357291,-5.05436831685783,40.082581764621196
104,97.687,39.6,183,1.7049597863957007,-5.296948866622636,39.24413755842247
105,98.25,40.6,167,1.714785990084429,-5.825800452841883,40.179846304878616
106,98.875,40.9,175,1.7256942979093934,-6.310023074392343,40.41031562362061
107,101.25,38.6,30,1.7671458676442586,-7.530486429822549,37.8583118235647
108,103.75,0.1,25,1.8107790989441168,-0.0237685892326173,0.09713420698132615
109,106.187,0.1,25,1.8533127728152188,-0.027877321513400444,0.09603569620322697
110,108.625,29.9,20,1.8958638999788404,-9.549247345053494,28.3341115114448
111,111.0,0.1,25,1.9373154697137058,-0.03583679495453003,0.09335804264972018
112,113.437,0.1,25,1.9798491435848076,-0.039774046786195005,0.09174979674227934
113,115.812,0.1,25,2.0213007133196728,-0.04354196521478044,0.09002275970683665
114,118.187,0.1,25,2.062752283054538,-0.047235079129691125,0.08814106477466573
115,120.625,0.1,20,2.10530341021816,-0.05094169368408418,0.0860519833856079
116,123.0,0.1,40,2.1467549799530254,-0.05446390350150271,0.0838670567945424
117,124.5,38.9,98,2.17293491873294,-22.033202616375988,32.058508737396416
118,125.125,39.1,175,2.183843226557905,-22.496661333955018,31.979840975610454
119,125.75,39.5,167,2.194751534382869,-23.07786179267865,32.05717228761799
120,126.312,41.1,175,2.2045602847790775,-24.338678516478474,33.11855564591411
121,127.0,40.4,167,2.2165681500327987,-24.313326935342754,32.26487460591063
122,127.625,40.5,167,2.227476457857763,-24.72487769894811,32.076945346651364
123,128.187,41.8,159,2.2372852082539714,-25.842017100225974,32.854682348055476
124,128.812,41.0,167,2.248193516078936,-25.697447893061767,31.94747520201519
125,129.437,41.8,167,2.2591018239039005,-26.552588518225445,32.28312319125586
126,131.0,42.4,98,2.2863813201125716,-27.816902829197502,31.999686201445538
127,132.562,43.5,98,2.3136433630287234,-29.422861590701807,32.03974431568399
128,133.25,44.9,159,2.325651228282444,-30.764716265653526,32.70385654771977
129,135.0,44.8,84,2.356194490192345,-31.678383797157323,31.67838379715733
130,136.875,46.1,84,2.3889194136672387,-33.64673375137023,31.513605123254365
131,139.0,48.1,70,2.426007660272118,-36.301530808715334,31.5564392944434
132,141.5,0.1,25,2.4696408915719763,-0.0782608156852414,0.06225146366376197
133,143.937,6.4,65,2.5121745654430785,-5.173569291539519,3.7675165275867446
134,146.125,6.0,70,2.550362369476714,-4.981533409738791,3.344297368305668
135,146.75,6.5,167,2.5612706773016787,-5.435860013010437,3.5639059918794396
136,147.437,6.5,159,2.5732610892628798,-5.478200938046448,3.49847316445146
137,149.875,5.0,60,2.615812216426501,-4.324662564402002,2.5094409146381396
138,152.187,4.9,70,2.6561642287326106,-4.333928150106175,2.2862779336111507
139,154.625,4.3,70,2.698715355896232,-3.8851461700379377,1.842726034287121
140,156.625,4.3,70,2.7336219409361187,-3.9470896551215033,1.706013849425851
141,158.5,5.0,84,2.7663468644110125,-4.652087839910123,1.8325061336214856
142,160.875,4.3,70,2.8077984341458775,-4.062665999807575,1.4088097721152828
143,163.125,4.5,70,2.84706834231575,-4.30623151079494,1.3062810476450808
144,164.875,3.9,84,2.8776116042256508,-3.76489960252321,1.01761042787531
145,166.812,3.9,84,2.9114186318367814,-3.797144158135515,0.8897731409394908
146,168.687,4.8,84,2.944143555311675,-4.7067368377725485,0.941609441305083
147,170.625,4.0,84,2.9779680362153247,-3.946573328339516,0.6515818935783556
148,172.562,4.2,70,3.0117750638264553,-4.164659200014294,0.5437037315821013
149,174.562,4.4,70,3.046681648866342,-4.380197054873052,0.41698172679561124
150,176.5,4.4,70,3.080506129769992,-4.391793113056215,0.2686135739533697
151,178.5,4.5,70,3.115412714809878,-4.498457962390008,0.1177962673854304
152,180.437,4.3,70,3.1492197424210087,-4.299874929765621,-0.03279616399968049
153,182.312,4.4,84,3.181944665895902,-4.3964182592736964,-0.1775006747165858
154,184.375,4.3,70,3.217950808364545,-4.287470368909206,-0.32802109036699495
155,186.437,5.0,70,3.2539394975406686,-4.968478642294263,-0.56055328120149
156,188.625,4.4,70,3.292127301574304,-4.350240575226337,-0.6598537244377973
157,190.875,4.9,70,3.3313972097441766,-4.812001525584489,-0.9244681269641211
158,193.125,4.7,70,3.370667117914049,-4.577221802603468,-1.0672584362615534
159,195.5,4.8,70,3.4121186876489142,-4.62542617540139,-1.2827442051756326
160,197.937,5.9,70,3.4546523615200164,-5.613234767070197,-1.8170292924866136
161,200.312,4.5,60,3.4961039312548814,-4.220173134041728,-1.5620943373280705
162,201.75,32.0,98,3.5212017658985597,-29.72190569190158,-11.857838000314754
163,202.25,32.5,175,3.5299284121585317,-30.080066380570905,-12.306080063954075
164,202.875,32.7,167,3.540836719983496,-30.128311940798397,-12.711208423983335
165,203.5,32.9,183,3.551745027808461,-30.17127644727058,-13.118844367640603
166,205.812,32.6,55,3.5920970401145698,-29.347419664428738,-14.194680660018435
167,207.562,33.5,98,3.6226403020244704,-29.698106904615436,-15.500724056702408
168,208.125,34.2,175,3.6324665057131984,-30.161707240713746,-16.12176839944912
169,208.687,34.3,175,3.6422752561094067,-30.089849943104195,-16.464839215779556
170,209.25,33.9,175,3.6521014597981347,-29.57761463976782,-16.564260086746774
171,209.812,34.1,183,3.661910210194343,-29.587251978887224,-16.953009182379226
172,212.187,33.6,45,3.7033617799292085,-28.43615208460893,-17.898191378488253
173,214.25,35.9,70,3.739367922397851,-29.67457199366607,-20.20469690425296
174,214.812,35.8,175,3.7491766727940594,-29.392861869336745,-20.437702197901064
175,215.437,36.3,159,3.7600849806190237,-29.57555358668514,-21.047010002399762
176,216.062,36.8,175,3.7709932884439885,-29.74840151633749,-21.66270082936957
177,218.437,38.9,45,3.812444858178854,-30.47006557679788,-24.182330403533008
178,220.812,0.1,45,3.8538964279137193,-0.07568581869587175,-0.06535791343315385
179,223.312,41.8,30,3.8975296592135775,-30.41489655708434,-28.673577862238588
180,225.687,0.1,25,3.938981228948443,-0.06985776529825474,-0.07155342498814404
181,228.0,45.7,45,3.9793506945470716,-30.57926871059982,-33.96171852431692
182,230.375,44.7,70,4.0208022642819365,-28.507877761167247,-34.429506321676264
183,232.062,46.5,84,4.050245968763082,-28.588590848404113,-36.67345734046007
184,232.75,45.8,175,4.062253834016802,-27.72246465236455,-36.4568917160857
185,233.437,45.7,159,4.0742442459780035,-27.22377853964322,-36.70634661777799
186,235.187,45.3,84,4.104787507887904,-25.861763922466448,-37.1921922830399
187,237.062,46.7,70,4.137512431362798,-25.392246452947884,-39.19341551935421
188,239.562,50.3,45,4.181145662662656,-25.482266383724834,-43.36754662127992
189,242.0,58.9,35,4.223696789826278,-27.651875048088964,-52.005613219390796
190,244.5,63.6,45,4.267330021126136,-27.380505757007572,-57.40442408465114
191,246.937,68.2,55,4.3098636949972375,-26.71687533025151,-62.749092205288505
192,249.375,74.8,45,4.352414822160859,-26.348303584508297,-70.00576332144794
193,251.875,80.5,50,4.396048053460717,-25.042836832072858,-76.50559668025716
194,254.187,0.1,30,4.4364000657668266,-0.027249856036757805,-0.09621561903337719
195,256.562,0.1,30,4.477851635501692,-0.02323930218721006,-0.09726219632442779
196,259.062,0.1,20,4.521484866801551,-0.01897466610345702,-0.0981833083892691
197,261.437,0.1,20,4.562936436536416,-0.014889680129745467,-0.09888527405854658
198,263.812,0.1,20,4.6043880062712805,-0.010779113884785606,-0.09941735615001449
199,266.25,0.1,20,4.646939133434903,-0.006540312923014273,-0.09978589232386036
200,268.75,0.1,25,4.690572364734761,-0.0021814885034560838,-0.09997620270799092
201,271.125,204.5,35,4.732023934469626,4.015090108198472,-204.46058067858226
202,273.562,204.6,45,4.774557608340728,12.711509386246178,-204.2047441396095
203,274.875,35.4,98,4.797473781419414,3.0083690789844453,-35.27193949139472
204,275.5,35.3,175,4.808382089244378,3.3833550639639087,-35.13748580236141
205,276.062,35.1,183,4.818190839640586,3.706720691851302,-34.90372790566362
206,276.687,35.7,175,4.829099147465551,4.157100452482854,-35.45713631736166
207,277.187,35.3,175,4.837825793725522,4.416316870917853,-35.022651888394265
208,277.75,35.1,175,4.847651997414251,4.733267652607687,-34.77939299827957
209,278.25,35.4,175,4.856378643674222,5.079638818487738,-35.033659093416325
210,278.812,35.6,183,4.8661873940704305,5.453663929035714,-35.17978893838243
211,279.437,35.0,175,4.877095701895395,5.738706002599544,-34.5263269609689
212,279.937,32.6,175,4.885822348155367,5.625626179556415,-32.11093785749475
213,280.437,32.9,183,4.894548994415338,5.959975493141343,-32.35565935228572
214,280.937,32.8,183,4.90327564067531,6.2231284129694115,-32.204233770665816
215,281.437,33.0,183,4.912002286935281,6.543580910630844,-32.34472984685492
216,281.937,32.9,191,4.920728933195253,6.804905580725494,-32.18855790552616
217,282.5,33.0,183,4.930555136883981,7.142507259957381,-32.2177682349578
218,283.0,32.9,191,4.939281783143953,7.400889687913155,-32.056775131434236
219,283.687,25.0,159,4.951272195105154,5.915442561710021,-24.290070796502622
220,284.25,21.5,183,4.961098398793882,5.292295800123357,-20.838464558695218
221,284.875,20.0,167,4.9720067066188465,5.134222151618642,-19.32976365343944
222,285.5,18.5,175,4.982915014443811,4.943909957447749,-17.827163384359526
223,286.125,18.4,167,4.993823322268775,5.11030276421577,-17.67610832898601
224,286.625,17.2,183,5.002549968528747,4.921031581589312,-16.48100264465122
225,287.125,16.9,183,5.011276614788719,4.976329056231298,-16.15073215442904
226,287.625,16.1,183,5.02000326104869,4.874850894465447,-15.344244157231385
227,288.25,15.2,183,5.0309115688736545,4.760089858552986,-14.435426718268532
228,288.75,14.7,183,5.0396382151336265,4.725160139956474,-13.919872903578053
229,289.25,14.4,175,5.0483648613935985,4.7475452917841405,-13.594881893656092
230,289.812,14.5,175,5.058173611789806,4.914557071118132,-13.641742146614659
231,291.25,12.7,98,5.083271446433485,4.602963086203008,-11.83649993989154
232,291.75,12.5,191,5.091998092693457,4.631967968872955,-11.61011941089905
233,292.312,12.1,175,5.101806843089665,4.593764112773198,-11.194075722282616
234,292.812,12.1,175,5.110533489349637,4.691274695473853,-11.153561840578403
235,293.375,12.2,183,5.120359693038364,4.840318363487294,-11.198719486623801
236,293.937,11.7,183,5.130168443434573,4.747063249961137,-10.69370798651564
237,294.375,11.3,191,5.137812985558307,4.663589436789656,-10.29276122160929
238,294.875,11.7,183,5.146539631818279,4.921488008045668,-10.614563381819464
239,295.437,10.8,175,5.156348382214488,4.638798637964712,-9.753027591287577
240,296.0,11.2,183,5.1661745859032155,4.909756844037666,-10.06649331855067
241,296.562,10.3,175,5.175983336299423,4.6058094277339805,-9.21284535392822
242,298.937,10.6,40,5.217434906034289,5.128784907361808,-9.276613895922246
243,301.312,8.7,65,5.258886475769154,4.521373103928139,-7.432845031014384
244,303.125,8.9,84,5.290529295107811,4.863560151591085,-7.4535751590666415
245,304.5,8.2,98,5.314527572322733,4.644531142783626,-6.757834746700529
246,305.125,8.4,159,5.325435880147698,4.833042332614379,-6.87034946790608
247,305.687,7.9,167,5.335244630543906,4.608519829395075,-6.41650566757892
248,306.312,8.3,175,5.346152938368871,4.915110260018768,-6.68817547107268
249,306.937,7.6,183,5.357061246193836,4.567117505761045,-6.07465535553837
250,307.5,7.7,167,5.366887449882563,4.6874630033671485,-6.108820720242511
251,308.062,7.4,175,5.376696200278771,4.562202300567036,-5.826346210851261
252,308.687,7.3,167,5.3876045081037365,4.5629786332665105,-5.698177427244021
253,309.312,7.6,167,5.398512815928701,4.814926279014657,-5.880177287093822
254,309.937,7.1,167,5.409421123753665,4.5578088711138,-5.443930408665814
255,310.5,7.3,167,5.419247327442394,4.740970752810342,-5.550963548880225
256,311.125,7.0,183,5.430155635267358,4.603927910848929,-5.272935405607224
257,311.75,6.4,167,5.441063943092322,4.261642662405339,-4.774767200394878
258,312.375,6.2,167,5.4519722509172865,4.178676691165444,-4.580246839495729
259,314.312,6.9,84,5.485779278528417,4.820099634688285,-4.9372704515428225
260,316.75,8.1,50,5.528330405692039,5.89980485604744,-5.5499822216435115
261,319.25,9.3,50,5.571963636991897,7.045354354771659,-6.070665697903323
262,321.625,8.2,60,5.613415206726763,6.42850815841526,-5.090607317127144
263,323.187,8.1,98,5.640677249642914,6.4848230331855765,-4.853562632568557
264,323.75,8.1,183,5.650503453331642,6.532201294566608,-4.789608151745017
265,324.25,8.7,183,5.659230099591613,7.060693643095603,-5.082972091045683
266,324.75,8.8,183,5.667956745851585,7.186445685422774,-5.078877672327657
267,325.437,8.2,175,5.679947157812786,6.752723733808092,-4.651958961003944
268,326.125,7.8,159,5.691955023066507,6.475993432660428,-4.347586578797369
269,328.562,8.4,60,5.73448869693761,7.1669225283820746,-4.3812351537174425
270,331.0,7.6,55,5.777039824101231,6.647109774259408,-3.6845531138721603
271,333.5,8.0,50,5.820673055401089,7.159474892816201,-3.5695825048784697
272,335.875,6.8,55,5.862124625135954,6.206060273469738,-2.7793552997162343
273,338.25,7.5,55,5.90357619487082,6.966071646539433,-2.7791807813237694
274,340.625,7.2,55,5.945027764605685,6.792246005686742,-2.3885967006241353
275,343.125,6.1,60,5.988660995905543,5.837336047966473,-1.7707365312522212
276,345.5,6.8,60,6.030112565640408,6.583403954571132,-1.7025840275702047
277,347.937,6.6,65,6.072646239511511,6.454261430974916,-1.3793148228847605
278,350.312,7.4,60,6.114097809246376,7.294466644940988,-1.2452936865829618
279,352.812,6.9,65,6.157731040546234,6.845772412072228,-0.8633655553187132
280,354.937,7.1,70,6.194819287151113,7.072297668392022,-0.6265825481584797
281,356.875,6.7,84,6.228643768054764,6.690036958896413,-0.3652471609746421
282,358.625,7.2,84,6.259187029964664,7.197926797188891,-0.1727710111971294
283,359.312,7.0,167,6.2711774419258655,6.999495345166013,-0.08405303682392325
284,359.937,6.8,167,6.28208574975083,6.79999588931018,-0.007476989008898942
285,0.125,7.1,98,0.002181661564992912,7.099983103259198,0.015489784823791064
286,0.812,7.0,159,0.014172073526193957,6.999297044927581,0.09920119388413455
287,2.437,6.8,84,0.04253367387110181,6.793849941659185,0.2891417822063874
288,3.062,7.1,167,0.05344198169606637,7.08986345168442,0.3792574804397033
289,3.75,6.8,159,0.06544984694978735,6.785440678022503,0.4447412787649728
290,4.437,6.9,175,0.07744025891098841,6.8793207092985025,0.5338038765471387
291,5.062,6.1,159,0.08834856673595297,6.0762087999696375,0.5382254352699497
292,5.75,6.8,159,0.10035643198967395,6.7657859241062,0.6812788189621187
293,6.437,6.9,167,0.11234684395087499,6.856500526366084,0.7735635280580538
294,7.062,6.5,167,0.12325515177583955,6.450689019033317,0.7991315159114871
295,7.75,6.5,159,0.13526301702956053,6.440628333014734,0.8765310467791995
296,9.312,6.9,98,0.16252505994571195,6.8090707549104215,1.1164924785342794
297,11.125,6.9,84,0.19416787928436915,6.770339112491942,1.3313558133954395
298,11.75,6.8,175,0.20507618710933373,6.65750921289517,1.3847639077532068
299,12.437,6.8,159,0.21706659907053474,6.6404271517799955,1.464488730548316
300,13.062,6.3,167,0.22797490689549932,6.136994265553856,1.423833341567435
301,14.75,7.0,84,0.25743606466916363,6.769321572397602,1.7822136374386934
302,16.687,7.2,70,0.29124309228029377,6.896791225612735,2.0674309638561565
303,19.0,6.8,70,0.33161255787892263,6.429526314075354,2.2138634503086654
304,21.437,7.2,60,0.3741462317500244,6.70190396110275,2.631441296353631
305,23.875,7.2,50,0.4166973589136462,6.583900640859231,2.9141469337172077
306,26.375,7.5,40,0.4603305902135044,6.719292627479949,3.3318323166530446
307,28.75,8.1,70,0.5017821599483697,7.101486721230812,3.8960090282470397
308,31.125,8.6,65,0.543233729683235,7.361957957067035,4.445399311465437
309,33.562,7.8,55,0.5857674035543369,6.4996470292259305,4.312144303646915
310,35.937,9.6,55,0.6272189732892022,7.772762964709698,5.634195230415546
311,38.375,7.7,60,0.6697701004528239,6.036525953633842,4.780204431936466
312,40.75,7.9,45,0.7112216701876893,5.9847633766339925,5.156802044455508
313,43.187,8.8,55,0.7537553440587911,6.416290561716518,6.0225588770577865
314,45.687,10.6,35,0.7973885753586493,7.404923121615005,7.5846630487432645
315,47.312,8.8,84,0.8257501757035571,5.966450466615005,6.468498189644146
316,47.812,9.4,183,0.8344768219635288,6.312714955894253,6.964885489771459
317,48.375,9.6,183,0.8443030256522569,6.376823403948305,7.176079937880928
318,49.125,9.6,159,0.8573929950422144,6.282345101842659,7.258935185091099
319,51.625,9.2,50,0.9010262263420726,5.711413087508504,7.2124725679780965
320,53.937,8.4,40,0.9413782386481815,4.944865442457605,6.790309695145617
321,56.312,9.1,45,0.9828298083830468,5.047498558068264,7.571839823074628
322,58.812,7.7,40,1.026463039682905,3.9874284522465633,6.587140072764096
323,60.5,7.7,84,1.0559241974565694,3.7916614127966968,6.701738858737228
324,62.375,8.0,84,1.088649120931463,3.7094613621007437,7.088010750773569
325,63.0,8.8,175,1.0995574287564276,3.995116397708012,7.840857412857638
326,63.625,8.2,183,1.1104657365813921,3.6428033328739957,7.346426606044744
327,64.187,9.1,175,1.1202744869776002,3.962461812555353,8.192001976564736
328,64.812,9.0,175,1.1311827948025648,3.830307981240183,8.144245868639265
329,65.312,8.7,175,1.1399094410625366,3.6337880480298494,7.904782376637285
330,65.875,8.7,175,1.1497356447512646,3.5559398687545922,7.940106526350989
331,66.5,9.2,183,1.160643952576229,3.668491434112265,8.43695268434314
332,67.0,9.5,183,1.1693705988362009,3.7119457206481004,8.744796107798184
333,67.5,9.8,191,1.1780972450961724,3.750297637177881,9.054019418610611
334,68.125,9.8,175,1.189005552921137,3.6513124410122098,9.094389339483408
335,68.625,10.1,183,1.1977321991811087,3.6811520487794107,9.405270841063915
336,69.187,10.7,183,1.2075409495773168,3.8019139257746453,10.001772367985627
337,69.687,10.9,183,1.2162675958372884,3.783918027504246,10.22213110662979
338,70.25,11.1,191,1.2260937995260166,3.7508755698369285,10.447053769345713
339,70.75,10.9,183,1.2348204457859882,3.5936280333643817,10.290570322281349
340,71.312,11.1,183,1.2446291961821963,3.5566020633148168,10.514779206584643
341,71.812,10.7,183,1.2533558424421678,3.3398546648095784,10.165400671786118
342,72.312,10.9,191,1.2620824887021396,3.311785469421232,10.384703992147797
343,72.812,10.8,183,1.2708091349621111,3.1914860816980926,10.317674960490244
344,73.312,10.7,183,1.279535781222083,3.0726110121165138,10.249344445778975
345,73.875,10.6,183,1.2893619849108109,2.943978766341698,10.182975450394114
346,74.375,10.7,183,1.2980886311707827,2.881938577299518,10.30458296277306
347,74.875,10.7,191,1.3068152774307542,2.7919055328886704,10.329339935127782
348,75.375,10.8,183,1.315541923690726,2.7269090317637055,10.450070197490806
349,75.937,10.6,183,1.325350674086934,2.5756796371443667,10.282308807208615
350,76.437,10.5,175,1.3340773203469056,2.4624011904358474,10.207182783576481
351,77.0,10.7,191,1.3439035240356338,2.4069762814793543,10.425759693202016
352,77.5,10.7,183,1.3526301702956054,2.315903869137701,10.446367276183286
353,78.0,10.3,183,1.361356816555577,2.1414904154229224,10.074920287558198
354,78.5,10.5,175,1.3700834628155487,2.0933633113805703,10.289209398518711
355,79.0,10.3,183,1.3788101090755203,1.9653326523784127,10.110759989510939
356,79.5,10.1,183,1.387536755335492,1.840578807470689,9.930874566395941
357,80.0,10.3,183,1.3962634015954636,1.7885762299693835,10.143519856025744
358,80.562,10.3,183,1.4060721519916717,1.688996530801095,10.160575314367877
359,81.062,9.8,183,1.4147987982516435,1.5225828018129763,9.680998998637659
360,81.625,10.3,183,1.4246250019403714,1.5002090408035211,10.190160589210132
361,82.125,10.2,183,1.4333516482003432,1.3975258851560735,10.103807272524488
362,82.687,10.2,183,1.4431603985965513,1.2983545221965271,10.117028987538378
363,83.187,10.3,183,1.4518870448565229,1.2218813984352725,10.22726776065621
364,83.75,10.1,183,1.461713248545251,1.0995554360048416,10.039969016045427
365,84.25,10.4,183,1.4704398948052226,1.0419558407655938,10.347672589809482
366,84.812,10.1,183,1.4802486452014307,0.9132824067751715,10.058623924050195
367,85.312,10.0,183,1.4889752914614023,0.8172977158827317,9.966545261203246
368,85.875,10.2,191,1.4988014951501305,0.7337130621985379,10.173576811640988
369,86.375,10.1,183,1.507528141410102,0.638582446976221,10.07979228250334
370,87.062,11.4,167,1.5195185533713031,0.5843104731506289,11.38501564649634
371,87.75,13.3,167,1.5315264186250241,0.5221555495956133,13.289746182001615
372,88.187,14.2,167,1.5391535074562395,0.4492530553978092,14.192891590236844
373,88.875,17.7,183,1.5511613727099605,0.34751635655312,17.696588156532545
374,89.437,33.3,183,1.5609701231061686,0.3272073172308997,33.29839238419102
375,90.125,33.8,167,1.5729779883598896,-0.07374010240058367,33.799919561994486
376,90.687,37.4,167,1.5827867387560977,-0.4484306620242089,37.397311533603
377,91.312,39.9,183,1.5936950465810622,-0.9135790751773308,39.88953964729849
378,91.875,39.8,183,1.6035212502697902,-1.3022194963066862,39.77869058155935
379,92.5,39.4,175,1.6144295580947547,-1.7186038621942339,39.36249993032519
380,93.0,40.1,183,1.6231562043547265,-2.0986718453420483,40.04504434365841
381,93.625,39.7,175,1.634064512179691,-2.510071598510488,39.620569664889366
382,94.125,39.8,175,1.6427911584396626,-2.8629195956374276,39.6968977552266
383,94.625,39.7,175,1.6515178046996344,-3.2011635875165854,39.57072847049898
384,95.187,39.5,183,1.6613265550958425,-3.5710614451435827,39.33824500603718
385,95.75,39.7,175,1.6711527587845705,-3.9774660459994258,39.500250174561195
386,96.375,40.0,167,1.682061066609535,-4.441412342171104,39.75265848225512
387,96.937,40.5,175,1.6918698170057431,-4.891505292590021,40.20352193493207
388,97.562,39.9,175,1.7027781248307077,-5.25079859083223,39.55299121632287
389,98.187,39.9,175,1.7136864326556722,-5.681933841627095,39.493361819670056
390,98.75,39.9,167,1.7235126363444004,-6.0697231089776755,39.43562426766365
391,101.25,39.8,40,1.7671458676442586,-7.764594816241901,39.03525416004857
392,103.562,828.5,20,1.8074978799503676,-194.28112281550978,805.3987182244238
393,105.937,0.1,25,1.8489494496852328,-0.02745802269648113,0.09615641938840863
394,108.437,0.1,20,1.8925826809850912,-0.03162617284804047,0.09486719765538491
395,110.75,0.1,30,1.93295214658372,-0.03542910379977159,0.09351352096860117
396,113.125,0.1,30,1.9744037163185852,-0.03927384270845741,0.09196502204050923
397,115.5,0.1,30,2.0158552860534504,-0.043051109680829494,0.09025852843498608
398,117.937,0.1,20,2.058388959924552,-0.046850042759483,0.0883463269945877
399,120.375,0.1,30,2.100940087088174,-0.05056573733779845,0.0862734385977792
400,122.812,0.1,30,2.1434737609592758,-0.05418842462582218,0.08404531299585712
401,125.25,39.6,60,2.1860248881228976,-22.85494952547445,32.33900558440249
402,125.937,39.7,167,2.1980153000840987,-23.29974485911429,32.143613510309905
403,126.562,40.8,167,2.2089236079090635,-24.304245642599412,32.77107938021248
404,127.125,40.7,175,2.2187498115977915,-24.56472683751036,32.450950608549185
405,127.75,41.0,167,2.229658119422756,-25.10090848141241,32.418272523497585
406,128.437,41.3,175,2.2416485313839574,-25.67429937444507,32.34996679490366
407,129.062,40.8,167,2.2525568392089217,-25.71056779199322,31.67975226881234
408,129.687,42.0,159,2.2634651470338865,-26.820915653851873,32.32086761658733
409,130.375,42.5,159,2.2754730122876072,-27.530971113257966,32.37739380433446
410,131.937,42.7,98,2.3027350552037587,-28.536968157820795,31.76368127845893
411,132.625,44.3,167,2.3147429204574794,-29.999831006518797,32.59601416707744
412,134.312,44.6,84,2.344186624938624,-31.156006334361965,31.913371324465192
413,136.125,46.2,84,2.375829444277281,-33.30343616767485,32.02063614960838
414,138.062,47.1,70,2.4096364718884113,-35.036204430226256,31.478157174831473
415,140.187,49.1,70,2.4467247184932908,-37.715588935979795,31.437944449537387
416,142.562,51.3,55,2.488176288228156,-40.732796051352125,31.185402447923497
417,144.937,0.1,25,2.5296278579630216,-0.08185208689962967,0.05744767941505971
418,147.312,5.1,55,2.571079427697887,-4.292281946896695,2.754326721422989
419,149.062,6.4,84,2.6016226896077876,-5.489434390878864,3.290305467314
420,149.687,7.1,175,2.6125309974327524,-6.129295488349888,3.58353691434785
421,150.25,6.7,183,2.62235720112148,-5.816932057077253,3.3246505746238966
422,150.875,6.6,183,2.6332655089464447,-5.76549557775719,3.2123294885273332
423,151.375,6.7,175,2.6419921552064163,-5.8810859549792855,3.2098018615088035
424,152.062,6.4,175,2.653982567167618,-5.654112594792383,2.998501419944662
425,152.75,6.7,175,2.6659904324213386,-5.956414847954435,3.0677552312836096
426,154.625,5.6,84,2.698715355896232,-5.05972524470057,2.3998292539553203
427,157.062,4.4,40,2.741249029767334,-4.0520793553151435,1.7148331983691043
428,159.562,3.7,60,2.7848822610671924,-3.467087226040044,1.2920163184069908
429,161.937,4.0,70,2.826333830802058,-3.8028646380224718,1.2402501944681217
430,164.187,4.3,70,2.86560373897193,-4.137271618435219,1.1717438095805852
431,166.5,4.3,70,2.9059732045705586,-4.181190657710009,1.0038150645803938
432,168.937,3.7,50,2.948506878441661,-3.6312421031495092,0.7099864705149869
433,171.187,3.9,70,2.987776786611533,-3.8539552140355706,0.5975192115807141
434,173.437,3.9,70,3.0270466947814056,-3.874442448394835,0.4457529742763743
435,175.562,3.8,70,3.064134941386285,-3.788606273643328,0.2940450702025396
436,177.875,4.0,70,3.1045044069849137,-3.9972492392639074,0.14831897789600204
437,180.187,3.8,70,3.1448564192910227,-3.799979760901516,-0.012402287646105514
438,182.625,4.8,65,3.1874075464546445,-4.794963270522528,-0.21983456129530032
439,184.937,4.2,70,3.2277595587607535,-4.184417700136709,-0.3614533314033964
440,187.312,3.7,70,3.269211128495619,-3.6699108913987573,-0.47090768648725634
441,189.687,5.1,65,3.3106626982304843,-5.027282530993959,-0.8581552036566444
442,192.062,5.0,70,3.3521142679653493,-4.889610229982543,-1.0448501322438877
443,194.437,4.5,70,3.3935658377002147,-4.357900630161296,-1.1219189354136874
444,196.687,5.3,70,3.4328357458700873,-5.076804652187151,-1.5218589039496724
445,198.75,4.8,70,3.46884188833873,-4.545264621576507,-1.5429094334551754
446,201.187,7.3,65,3.511375562209832,-6.806562538770866,-2.638315069471632
447,201.812,32.2,175,3.5222838700347965,-29.894738482921202,-11.964305706464973
448,202.375,32.0,175,3.5321100737235245,-29.59079100529626,-12.181341784913428
449,202.937,33.0,175,3.541918824119733,-30.39081963137556,-12.860718569862176
450,203.562,32.8,175,3.552827131944697,-30.065400024817734,-13.11151102458026
451,206.0,32.8,55,3.595378259108319,-29.480444718612674,-14.37857361468174
452,207.5,33.2,98,3.6215581978882336,-29.448759661516966,-15.330053959403122
453,208.062,34.0,175,3.631366948284442,-30.00292800242065,-15.994508785253858
454,208.687,33.7,175,3.6422752561094067,-29.563496882874972,-16.17682453562015
455,209.187,33.4,167,3.6510019023693783,-29.159293737946697,-16.287897000661022
456,209.875,34.1,183,3.663009767623099,-29.568593289572544,-16.98553181021559
457,212.312,34.9,40,3.7055434414942012,-29.495731516619006,-18.65507497437435
458,214.25,35.6,70,3.739367922397851,-29.426595068927917,-20.03585542594444
459,214.812,35.6,167,3.7491766727940594,-29.228655937105817,-20.32352509065022
460,215.437,36.3,167,3.7600849806190237,-29.57555358668514,-21.047010002399762
461,216.062,36.5,175,3.7709932884439885,-29.505887373541263,-21.48610272478232
462,218.5,36.8,40,3.81354441560761,-28.799980172168834,-22.90853862826439
463,221.0,0.1,30,3.857177646907468,-0.07547095802227721,-0.0656059028990507
464,223.437,42.3,30,3.8997113207785703,-30.715333590770253,-29.083642866871063
465,225.875,35.1,45,3.9422624479421917,-24.43753512877646,-25.195572564040226
466,228.312,45.1,45,3.984796121813294,-29.99483580030958,-33.67966486342266
467,230.562,45.2,70,4.0240660299831665,-28.712977718564893,-34.90852203306803
468,232.187,46.3,84,4.052427630328074,-28.38589654009011,-36.57773745894215
469,233.875,45.4,84,4.081888788101738,-26.76551794207826,-36.671065559815496
470,234.562,44.8,159,4.09387920006294,-25.976010284055253,-36.50050533516838
471,236.562,45.5,70,4.128785785102826,-25.0720611525863,-37.968957709699815
472,239.0,48.6,50,4.171336912266447,-25.030850440628647,-41.65833081412265
473,241.375,56.0,35,4.212788482001313,-26.828194663357145,-49.155345295349264
474,243.75,61.5,40,4.254240051736178,-27.200754448468583,-55.157673604260324
475,246.125,67.0,65,4.295691621471043,-27.11775618875738,-61.26685318577339
476,248.562,71.6,55,4.338225295342146,-26.169384980973096,-66.64625488140814
477,251.0,0.1,30,4.380776422505767,-0.03255681544571567,-0.09455185755993169
478,253.5,0.1,20,4.4244096538056255,-0.028401534470392266,-0.09588197348681932
479,255.937,0.1,25,4.466943327676727,-0.024298864501361962,-0.09700291327555298
480,258.375,0.1,25,4.509494454840349,-0.020150532232561757,-0.09794874195590514
481,260.812,0.1,20,4.552028128711451,-0.01596744388508628,-0.09871697288600689
482,263.312,0.1,25,4.595661360011309,-0.011646272536755457,-0.0993195063217675
483,265.687,0.1,20,4.637112929746174,-0.007520497902423652,-0.0997168095724068
484,268.187,0.1,20,4.680746161046033,-0.0031637539112521896,-0.0999499407763158
485,270.562,206.6,55,4.722197730780898,2.026455336745524,-206.5900614230224
486,272.937,205.1,40,4.763649300515763,10.50888801952769,-204.83059652452565
487,274.937,35.6,70,4.79855588555565,3.063747285228771,-35.46792145830163
488,275.437,35.6,183,4.807282531815622,3.373142702779416,-35.43983504908969
489,276.0,35.1,183,4.817108735504349,3.66894906069462,-34.9077185274264
490,276.625,34.8,167,4.828017043329314,4.014896190068841,-34.56762370460212
491,277.25,35.0,183,4.838925351154279,4.41696391975404,-34.720173238790025
492,277.812,35.6,183,4.8487341015504875,4.838861334673413,-35.269610445591866
493,278.312,35.5,183,4.857460747810459,5.132002248865146,-35.12709143834205
494,278.937,35.4,175,4.868369055635423,5.499331612662039,-34.97023522674641
495,279.562,33.9,167,4.879277363460388,5.631290796229807,-33.42900782207419
496,280.062,32.4,183,4.888004009720359,5.660725186863327,-31.90166438226713
497,280.562,32.6,183,4.896730655980331,5.975560531041254,-32.04766257217306
498,281.125,32.7,183,4.906556859669059,6.309468854787075,-32.08552014180964
499,281.625,32.8,183,4.915283505929031,6.6093745722802435,-32.12718736153688
500,282.125,32.8,191,4.924010152189002,6.889481948522131,-32.06828711485831
501,282.625,33.0,183,4.932736798448974,7.2127784729670275,-32.20210904117778
502,283.187,32.8,191,4.942545548845183,7.482662890992008,-31.93508659859514
503,283.75,22.9,159,4.95237175253391,5.443006934269363,-22.243733398723684
504,284.375,21.1,183,4.9632800603588745,5.238438750785408,-20.43939234552412
505,285.0,19.2,159,4.974188368183839,4.969325665968389,-18.545775864750112
506,285.562,19.1,175,4.983997118580048,5.124166487132358,-18.39980754823674
507,286.25,17.3,175,4.996004983833768,4.841041942736162,-16.608862480876567
508,286.812,17.1,183,5.005813734229977,4.945872178332155,-16.369127905774334
509,287.437,16.0,175,5.016722042054941,4.794511222029288,-15.264752279085148
510,288.0,15.9,183,5.026548245743669,4.913370210561661,-15.121798609092943
511,288.562,14.7,183,5.036356996139878,4.6794606340976035,-13.935302227577658
512,289.062,14.0,175,5.045083642399849,4.5722755848998515,-13.232320128221229
513,289.625,14.2,175,5.054909846088577,4.769248748349584,-13.37513612552657
514,290.312,14.5,175,5.066900258049778,5.03341508694601,-13.598335654134454
515,290.875,12.6,167,5.076726461738506,4.489762306359021,-11.772936525455224
516,291.437,12.5,183,5.086535212134715,4.5684744728361695,-11.63524993247005
517,291.937,12.2,183,5.095261858394686,4.557759878313499,-11.316661384508935
518,292.5,12.0,191,5.105088062083414,4.59220118838108,-11.08655439013544
519,293.125,11.8,175,5.115996369908379,4.634313439597975,-10.851872600780089
520,293.687,12.0,183,5.1258051203045865,4.820880108712236,-10.989045225924894
521,294.25,10.8,183,5.135631323993315,4.435763608225556,-9.847030070632558
522,294.75,11.5,183,5.144357970253286,4.814586981680418,-10.443646498988437
523,295.312,10.7,183,5.154166720649495,4.574755089425636,-9.672725359058543
524,295.812,11.0,175,5.162893366909467,4.789616173625856,-9.902503567752026
525,296.375,10.4,175,5.172719570598194,4.620140812425556,-9.317419110105531
526,298.875,10.9,45,5.2163528018980525,5.263613747420407,-9.544860937591858
527,301.312,9.5,65,5.258886475769154,4.937131550266359,-8.116325033866282
528,303.062,8.3,84,5.289429737679055,4.528033832305586,-6.956069983366757
529,303.75,8.5,159,5.301437602932776,4.722346980666615,-7.067491704571636
530,304.375,8.9,159,5.312345910757741,5.025001641171276,-7.3457034044552865
531,305.062,8.7,167,5.324336322718942,4.997823821156778,-7.121218789833511
532,305.687,8.0,167,5.335244630543906,4.66685552343805,-6.4977272583077665
533,306.25,8.0,183,5.345070834232634,4.730477186908656,-6.451556834139863
534,306.875,7.6,175,5.355979142057599,4.560541423426056,-6.079593894760984
535,307.5,7.5,167,5.366887449882563,4.565710717565404,-5.950150052184264
536,308.062,7.9,159,5.376696200278771,4.8704592127675115,-6.220018252124995
537,308.625,7.7,183,5.3865224039675,4.8064981575766375,-6.015610979876641
538,309.25,7.5,175,5.397430711792464,4.74528996421887,-5.807944830616393
539,309.812,7.8,175,5.407239462188673,4.994110636082171,-5.991565651361164
540,310.437,7.1,167,5.418147770013637,4.605141975679797,-5.403949239568408
541,311.062,6.9,167,5.4290560778386014,4.532439701677046,-5.202594578732971
542,311.625,7.2,167,5.43888228152733,4.782617552961231,-5.382059953410695
543,312.312,6.9,167,5.450872693488531,4.644855106382595,-5.102481851090853
544,314.25,6.3,70,5.48469717439218,4.396079897002584,-4.5127022435753235
545,316.687,7.2,50,5.527230848263283,5.238843348076349,-4.9390809240501605
546,319.062,7.9,50,5.568682417998148,5.967810593037444,-5.1764115684159115
547,321.437,7.3,55,5.610133987733013,5.708039311091088,-4.55063591413758
548,323.125,7.8,84,5.639595145506678,6.2395832077810125,-4.68055567141095
549,323.687,8.0,183,5.649403895902886,6.446351503804221,-4.737568183087295
550,324.187,8.5,183,5.658130542162858,6.892914141130946,-4.973704318010574
551,324.687,8.4,183,5.666857188422829,6.854454241637278,-4.855559396125305
552,325.312,8.4,167,5.677765496247794,6.907011322031573,-4.78050150060929
553,326.0,8.3,167,5.689773361501515,6.881011852206848,-4.6413010988071965
554,328.437,7.5,60,5.732307035372616,6.390488488944529,-3.925768316223905
555,330.937,8.0,55,5.775940266672475,6.992688820065385,-3.886168172600432
556,333.375,8.6,45,5.818491393836096,7.688045507741415,-3.8540830648673152
557,335.875,7.9,50,5.862124625135954,7.209981788295726,-3.22895689231739
558,338.25,8.2,50,5.90357619487082,7.616238333549779,-3.0385709875806546
559,340.625,6.6,60,5.945027764605685,6.226225505212846,-2.189546975572124
560,343.062,6.8,65,5.987561438476787,6.505019893952841,-1.9810896444325177
561,345.437,7.2,65,6.029013008211653,6.968676585470954,-1.810399582166572
562,347.937,6.8,60,6.072646239511511,6.649845110701429,-1.4211122417600563
563,350.375,7.5,65,6.115197366675132,7.394423824649698,-1.2539921456902925
564,352.812,6.8,65,6.157731040546234,6.746558319143644,-0.8508530110387318
565,354.875,6.5,70,6.193737183014877,6.474014190421418,-0.5806378064009518
566,356.75,6.9,84,6.2264621064897705,6.888902526845707,-0.3911802341873067
567,358.437,6.8,84,6.255905810970916,6.797469975797817,-0.18547756771972504
568,0.062,6.4,98,0.0010821041362364843,6.399996252962409,0.006925465120351822
569,0.625,6.4,167,0.01090830782496456,6.399619232000958,0.0698117855627672
570,2.187,6.8,98,0.03817035074111599,6.795046884127212,0.2594953612553988
571,3.687,6.4,98,0.06435028952103093,6.38675350081166,0.4115576750225981
572,4.375,6.6,167,0.07635815477475191,6.5807684732094796,0.5034742317260852
573,5.062,7.5,167,0.08834856673595297,7.470748524552834,0.6617525843482989
574,5.75,6.3,159,0.10035643198967395,6.2683016649807435,0.6311847881560806
575,7.25,6.6,98,0.1265363707695889,6.547232667886118,0.8329131962964763
576,8.812,6.6,98,0.15379841368574032,6.522095702059664,1.01107252616954
577,10.375,7.4,98,0.1810779098944117,7.27901106203329,1.3326657340822565
578,12.0,6.7,98,0.20943951023931956,6.5535889249164985,1.3930083284789876
579,12.687,6.3,159,0.22142992220052057,6.146181722245846,1.383636598652657
580,13.312,7.1,167,0.23233823002548515,6.90922775649556,1.6348002351575954
581,15.187,6.6,84,0.26506315350037885,6.369501325900057,1.7290034295389403
582,17.125,7.1,84,0.29888763440402893,6.785218834109242,2.0906471182983535
583,19.562,6.6,70,0.3414213082751308,6.219046188213665,2.2098562190479907
584,21.937,8.8,60,0.3828728780099961,8.162837719973659,3.2875645023900666
585,24.312,7.9,50,0.42432444774486144,7.199404847320233,3.252471344129252
586,26.75,6.6,35,0.46687557490848314,5.893661026513504,2.9706497108470704
587,29.187,8.5,35,0.5094092487795849,7.420778346483442,4.145123488192176
588,31.5,8.0,60,0.5497787143782138,6.821121314832737,4.17998851772759
589,33.875,7.6,60,0.5912302841130791,6.309942319002469,4.236109999853844
590,36.375,7.3,55,0.6348635154129374,5.8776143345088645,4.329393691358631
591,38.75,9.9,45,0.6763150851478027,7.72085638261953,6.1966423746221855
592,41.187,6.1,50,0.7188487590189044,4.590642482691934,4.016964226390873
593,43.687,9.7,60,0.7624819903187627,7.014301670391844,6.699968065352116
594,46.125,9.9,45,0.8050331174823845,6.861564889201795,7.1364506073588965
595,47.562,9.3,98,0.830113498833543,6.275565612784909,6.863474064905584
596,48.062,9.4,183,0.8388401450935147,6.282264913872948,6.992363516860442
597,48.562,9.5,183,0.8475667913534862,6.287187517261882,7.121886907469563
598,50.937,8.8,65,0.8890183610883516,5.54553583813071,6.832790957435179
599,53.437,9.3,40,0.9326515923882098,5.540068718133088,7.469781696834467
600,55.875,8.8,45,0.9752027195518317,4.9368022058432866,7.284777551880419
601,58.25,8.1,40,1.016654289286697,4.2623327815801435,6.887853022464059
602,60.25,7.6,70,1.0515608743265836,3.7712454279315817,6.598310990117481
603,62.312,8.1,70,1.0875495635027066,3.763718452900362,7.172476797264477
604,62.937,8.7,167,1.0984578713276711,3.95823846009208,7.74740913422338
605,63.562,8.7,167,1.1093661791526357,3.873493517016517,7.790125029396576
606,64.125,8.7,175,1.119192382841364,3.7967603938580754,7.827810071254326
607,64.687,8.8,175,1.129001133237572,3.762554243437315,7.9550729453092925
608,65.312,9.2,167,1.1399094410625366,3.842626441594783,8.35908021437506
609,65.812,9.0,183,1.148636087322508,3.6875879177574666,8.209853552214508
610,66.437,9.4,183,1.1595443951474727,3.757717566169612,8.616238082417427
611,67.0,9.4,175,1.1693705988362009,3.672872607799173,8.65274562245294
612,67.625,9.6,175,1.1802789066611654,3.6544025354740284,8.877237301588877
613,68.125,10.1,183,1.189005552921137,3.76308731165544,9.372789013141062
614,68.625,10.6,183,1.1977321991811087,3.8633872987189855,9.870878308443318
615,69.125,10.5,183,1.2064588454410803,3.7414685886325194,9.810780437879353
616,69.625,10.7,183,1.215185491701052,3.7253446107622143,10.03054373057936
617,70.125,11.4,191,1.2239121379610236,3.8756493329333344,10.720976739464247
618,70.687,11.4,183,1.2337208883572317,3.7703051946562565,10.758475669868295
619,71.25,10.7,191,1.2435470920459597,3.43940227874383,10.13215238559763
620,71.75,10.8,191,1.2522737383059315,3.382169110024495,10.256750562980272
621,72.312,10.8,191,1.2620824887021396,3.2814021164907623,10.289431478458368
622,72.812,10.8,183,1.2708091349621111,3.1914860816980926,10.317674960490244
623,73.375,10.7,191,1.2806353386508393,3.061339414128235,10.252716761498144
624,73.875,10.7,191,1.2893619849108109,2.9717521509298273,10.279041256529908
625,74.437,10.7,183,1.299170735307019,2.870786260327544,10.30769548674749
626,74.937,10.7,183,1.3078973815669908,2.7807264790117996,10.332355019496891
627,75.5,10.5,183,1.3177235852557188,2.628990042571636,10.165550223970131
628,76.0,10.6,191,1.3264502315156905,2.5643720933564773,10.285134698525562
629,76.562,10.8,183,1.3362589819118986,2.509844636218692,10.5043172030382
630,77.062,10.5,183,1.3449856281718702,2.3509138061762958,10.233435604718958
631,77.625,10.5,191,1.3548118318605984,2.2502461071830324,10.25604175386916
632,78.125,10.6,183,1.36353847812057,2.18123843333769,10.373147974309946
633,78.687,10.4,183,1.373347228516778,2.0401537894943482,10.197929815173854
634,79.25,10.3,183,1.3831734322055063,1.9211975708899662,10.119239096572752
635,79.75,10.6,183,1.3919000784654778,1.8862015820227227,10.430831395050683
636,80.312,10.3,183,1.401708828861686,1.7333141853789877,10.153108978769211
637,80.812,10.0,183,1.4104354751216575,1.5967443885086332,9.87169728860069
638,81.375,10.4,183,1.4202616788103857,1.5596542577620682,10.28238681417134
639,81.875,10.3,191,1.4289883250703572,1.4557319375827464,10.196609462262522
640,82.437,10.3,183,1.4387970754665653,1.355647515678433,10.210397632474209
641,82.937,10.2,183,1.447523721726537,1.2541984362818688,10.122597803055701
642,83.5,10.5,183,1.457349925415265,1.1886337445630217,10.432504484604168
643,84.0,10.5,183,1.4660765716752369,1.0975488643103612,10.44247990136687
644,84.5,10.0,183,1.4748032179352084,0.9584575252022407,9.953961983671787
645,85.0,10.3,183,1.4835298641951802,0.8977041503008789,10.260805390344979
646,85.5,10.2,191,1.4922565104551517,0.8002827764240189,10.168556804077905
647,86.062,10.0,175,1.5020652608513598,0.6867696492920028,9.976389499654237
648,86.562,10.4,183,1.5107919071113316,0.6236715493775506,10.381282858996618
649,87.25,12.3,159,1.5227997723650526,0.5901309808125301,12.285835153764895
650,87.875,13.3,167,1.5337080801900171,0.493160601504206,13.290853720552493
651,88.437,14.6,175,1.5435168305862252,0.3982312483394167,14.59456788921296
652,89.125,29.4,159,1.5555246958399462,0.44896849799223065,29.396571692763946
653,89.75,33.5,183,1.5664330036649108,0.1461708610390105,33.49968110414461
654,90.25,34.3,183,1.5751596499248823,-0.14966150846680357,34.29967348872119
655,90.875,39.4,159,1.5860679577498469,-0.601678871458971,39.395405601867324
656,91.437,40.4,183,1.595876708146055,-1.0131411835134285,40.387294350355646
657,92.0,40.2,175,1.6057029118347832,-1.4029597674405385,40.17551124616765
658,92.5,40.0,175,1.6144295580947547,-1.7447754946134355,39.96192886327431
659,93.062,39.7,183,1.6242383084909628,-2.1206368976698853,39.64332099040444
660,93.687,39.9,175,1.6351466163159274,-2.565804880219003,39.81741635662269
661,94.25,40.1,183,1.6449728200046556,-2.971750456835509,39.989732422489375
662,94.875,40.1,183,1.6558811278296202,-3.40778531263491,39.95493710748385
663,95.5,40.0,183,1.6667894356545847,-3.8338301008089584,39.815847934687156
664,96.125,39.5,175,1.6776977434795493,-4.214567957786732,39.274513579791126
665,96.625,39.4,175,1.686424389739521,-4.5456008588710395,39.136907297739185
666,97.25,39.7,183,1.6973326975644856,-5.010099074692444,39.382596502284684
667,97.812,40.1,175,1.7071414479606937,-5.450515155067503,39.7278477210178
668,98.437,40.5,159,1.7180497557856582,-5.9422346113794875,40.06170051087851
669,99.125,39.4,159,1.7300576210393792,-6.248402373777406,38.90138130934906
670,99.687,39.9,183,1.7398663714355873,-6.713802475666674,39.33109274248215
671,100.312,41.0,175,1.7507746792605519,-7.33933929934368,40.33775029236397
672,102.125,41.1,84,1.782417498599209,-8.632856953788417,40.18312806160599
673,104.625,40.0,45,1.8260507298990674,-10.09966308060632,38.70396369441039
674,107.062,0.1,20,1.868584403770169,-0.029340635467649923,0.09559878195016129
675,109.5,0.1,30,1.911135530933791,-0.033380685923377104,0.09426414910921783
676,112.0,0.1,25,1.9547687622336491,-0.03746065934159121,0.09271838545667875
677,114.312,0.1,25,1.995120774539758,-0.04117052334340824,0.09113170692810423
678,116.812,0.1,25,2.0387540058396163,-0.045106447353587625,0.08924913673049184
679,119.125,0.1,25,2.079123471438245,-0.04867165891708081,0.08735599360238168
680,121.625,933.1,25,2.122756702738103,-489.27797584281365,794.5329900986862
681,124.0,0.1,20,2.1642082724729685,-0.05591929034707467,0.08290375725550418
682,126.375,0.1,20,2.205659842207834,-0.05930676289532371,0.08051526485628584
683,128.875,0.1,25,2.249293073507692,-0.06276234252493901,0.07785170750074935
684,131.187,0.1,30,2.289645085813801,-0.06585187256378482,0.07525643414249074
685,133.562,0.1,30,2.3310966555486665,-0.06891391031336246,0.0724629075135813
686,136.062,0.1,25,2.3747298868485247,-0.07200910717326982,0.06938795633327546
687,138.375,0.1,25,2.4150993524471533,-0.07475083268625966,0.06642524379112819
688,140.875,50.1,60,2.4587325837470115,-38.86613456326314,31.613819511573137
689,143.25,52.5,70,2.500184153481877,-42.06582516628068,31.412041529959605
690,145.687,56.0,60,2.542717827352979,-46.25434314078355,31.567954330533514
691,148.062,57.5,50,2.5841693970878445,-48.795709073290574,30.417573473812606
692,150.5,61.6,45,2.626720524251466,-53.61391086989782,30.333291302373578
693,152.812,65.8,40,2.667072536557575,-58.52989540023633,30.064785787319245
694,154.687,30.8,84,2.699797460032469,-27.842755308582525,13.168939852030597
695,155.187,30.9,183,2.7085241062924403,-28.047382591320915,12.967433430562439
696,155.75,30.9,175,2.7183503099811683,-28.173447146532034,12.691212545756446
697,156.25,30.6,175,2.72707695624114,-28.008531261055083,12.324048709677362
698,156.812,30.4,183,2.736885706637348,-27.94422191332889,11.969981689987225
699,157.437,30.3,175,2.747794014462313,-27.980783208139638,11.626081500621394
700,157.937,29.8,183,2.7565206607222845,-27.61778750222902,11.193650587798546
701,158.5,30.4,183,2.7663468644110125,-28.284694066653547,11.141637292418633
702,159.125,29.7,175,2.777255172235977,-27.750493238573025,10.583011150703413
703,159.625,29.5,183,2.7859818184959484,-27.654302808606644,10.270809908176208
704,162.062,0.1,40,2.8285154923670506,-0.09513903479782194,0.030798767146410666
705,163.625,6.2,98,2.8557949885757217,-5.94850988308632,1.747921671821818
706,164.25,5.7,183,2.8667032964006864,-5.48599484778579,1.5472105642309226
707,164.812,6.2,175,2.8765120467968948,-5.983442593695347,1.6243197739214714
708,165.312,5.9,183,2.8852386930568663,-5.707193183153339,1.495976594124408
709,165.875,5.9,175,2.8950648967455943,-5.721617192583294,1.4398252329832475
710,166.375,6.0,191,2.903791543005566,-5.831149847735286,1.4133971321807413
711,166.937,6.0,183,2.913600293401774,-5.844732775275552,1.35613376391112
712,167.562,6.0,175,2.9245086012267385,-5.859177874075055,1.2922982008612884
713,168.125,6.3,175,2.9343348049154665,-6.165172852655911,1.2963964273610804
714,168.75,5.8,175,2.9452431127404313,-5.688554626338736,1.1315238676935433
715,169.562,5.6,159,2.959415186266625,-5.507328566155231,1.0145600348971762
716,171.937,4.7,55,3.0008667560014906,-4.653537874228604,0.659230804134579
717,174.312,4.8,40,3.042318325736356,-4.776366478160673,0.4757344493548943
718,176.812,3.5,45,3.085951557036214,-3.4945835172930706,0.1946433678900781
719,179.25,0.5,55,3.1285026841998356,-0.4999571637870035,0.006544797785672318
720,181.75,0.1,35,3.1721359154996938,-0.09995335908367131,-0.0030538513209822414
721,184.125,7.1,65,3.213587485234559,-7.081607388495198,-0.5107218374127065
722,186.5,5.2,35,3.2550390549694246,-5.166573649518255,-0.5886567115931145
723,188.937,3.9,60,3.2975727288405268,-3.852653033455113,-0.6058585674966672
724,191.375,3.2,60,3.340123856004148,-3.13714344188351,-0.631134712282003
725,193.562,3.3,70,3.3782942067452644,-3.2079852385523213,-0.7738415272072211
726,195.5,3.0,84,3.4121186876489142,-2.8908913596258694,-0.8017151282347703
727,197.312,3.2,84,3.4437440536950517,-3.055035188848067,-0.9522394630029022
728,199.125,3.9,84,3.4753868730337087,-3.6847435812208245,-1.2777577002906046
729,200.937,3.3,84,3.507012239079846,-3.0821138970509288,-1.1792259858082905
730,203.437,3.9,55,3.5506454703797043,-3.5782420729488935,-1.5511878246616053
731,205.812,3.9,50,3.5920970401145698,-3.510887628566628,-1.6981366433764382
732,208.312,2.9,45,3.635730271414428,-2.553096320049982,-1.3753905556412835
733,210.75,5.5,35,3.6782813985780494,-4.72673526325799,-2.812111973423786
734,213.187,2.0,45,3.7208150724491516,-1.673777060147809,-1.0947467071989565
735,215.562,3.3,55,3.762266642184017,-2.6845059805234324,-1.919225791962458
736,217.937,5.2,50,3.8037182119188824,-4.101173607732223,-3.1969321292828012
737,220.187,4.8,70,3.8429881200887546,-3.6669238016494785,-3.0973649821899474
738,220.75,5.9,183,3.8528143237774826,-4.469633407865893,-3.8512825395300627
739,223.125,6.5,60,3.894265893512348,-4.744116472535931,-4.4433499631486635
740,224.75,5.7,98,3.922627493857256,-4.048056641052726,-4.01288392939902
741,225.375,5.2,175,3.93353580168222,-3.6528110638076297,-3.700941952006891
742,225.937,4.5,175,3.9433445520784285,-3.129520076058232,-3.2335899699171007
743,226.562,5.0,175,3.9542528599033933,-3.4378462111280546,-3.6305940875609433
744,227.187,5.4,175,3.9651611677283576,-3.669881929901518,-3.961308700490573
745,227.75,4.3,167,3.9749873714170856,-2.8911772719690725,-3.1829379481933775
746,228.312,5.0,175,3.984796121813294,-3.3253698226507296,-3.7338874571422016
747,229.0,5.4,183,3.9968039870670147,-3.5427187565487395,-4.0754317332029695
748,229.562,4.5,183,4.006612737463223,-2.918811734166692,-3.4249873080773345
749,230.375,5.7,159,4.0208022642819365,-3.635232734645488,-4.390339732294289
750,232.625,4.8,70,4.060072172451809,-2.9137399351081643,-3.8144619005248783
751,235.125,4.8,45,4.103705403751667,-2.744582209092539,-3.937926928922465
752,237.562,3.7,55,4.146239077622769,-1.9846306293373646,-3.12269775436176
753,240.0,50.4,70,4.1887902047863905,-25.20000000000002,-43.64768035073569
754,242.375,59.0,35,4.230241774521256,-27.357277545492977,-52.27407928695507
755,244.812,63.0,60,4.272775448392358,-26.812155868681273,-57.00972108047487
756,247.25,68.2,55,4.3153265755559795,-26.373687583631188,-62.894106267924805
757,249.687,73.7,50,4.357860249427082,-25.58484024101491,-69.1166112439097
758,252.125,0.1,40,4.400411376590704,-0.030694137716752,-0.09517284229140718
759,254.5,0.1,30,4.4418629463255686,-0.026723837607825707,-0.0963630453208623
760,256.875,0.1,30,4.483314516060434,-0.022707626303437294,-0.09738769792773339
761,259.25,0.1,25,4.524766085795299,-0.01865240360087347,-0.09824503977255097
762,261.687,0.1,20,4.567299759666401,-0.0144580713562978,-0.09894930102156459
763,264.062,0.1,30,4.608751329401267,-0.010345222602235925,-0.09946344237613229
764,266.437,205.0,25,4.650202899136132,-12.739931833019998,-204.6037490782855
765,268.812,0.1,25,4.691654468870997,-0.0020733025848875745,-0.09997850477173331
766,271.312,204.7,40,4.735287700170856,4.686958313002608,-204.6463349825063
767,273.625,204.4,45,4.775657165769484,12.923391303162283,-203.9910438162062
768,274.25,35.2,159,4.7865654735944485,2.6086188548780407,-35.1032065155019
769,274.75,35.6,183,4.7952921198544205,2.947972187434474,-35.47773188892031
770,275.375,35.1,175,4.806200427679385,3.2879541890204793,-34.94566292475938
771,275.875,35.2,175,4.814927073939357,3.603019412430447,-35.01511460946043
772,276.437,35.3,175,4.824735824335565,3.957506165282501,-35.077459214597496
773,277.062,35.4,175,4.83564413216053,4.352193178964116,-35.131444811350676
774,277.625,34.9,183,4.8454703358492575,4.63084180809858,-34.591405061783284
775,278.25,35.3,183,4.856378643674222,5.0652895562886195,-34.93469395473436
776,278.75,35.0,183,4.865105289934194,5.324318516647087,-34.59265286637162
777,279.312,35.1,183,4.874914040330402,5.679548695152633,-34.637446883674755
778,279.812,32.4,175,4.883640686590374,5.521474472441421,-31.926060196181076
779,280.375,32.6,183,4.893466890279101,5.870932828524524,-32.066994678687195
780,280.875,32.8,183,4.902193536539073,6.188276441719012,-32.210948987585965
781,281.437,32.9,183,4.912002286935281,6.523751877568326,-32.24671551398566
782,281.937,32.8,191,4.920728933195253,6.784221977136663,-32.090720343503286
783,282.5,32.9,191,4.930555136883981,7.12086329856357,-32.12013863424581
784,283.0,33.0,191,4.939281783143953,7.423384793347543,-32.154212137912765
785,284.437,22.3,98,4.964362164495111,5.559731613272271,-21.595818678354867
786,285.062,19.4,167,4.975270472320076,5.0413640385504515,-18.73351671819283
787,285.687,18.6,183,4.986178780145041,5.029105408020471,-17.907208012278723
788,286.312,17.6,175,4.997087087970005,4.943271940884377,-16.89153819278947
789,286.875,16.5,183,5.006913291658733,4.789697174698624,-15.789515539581448
790,287.437,15.6,183,5.016722042054941,4.674648441478556,-14.88313347210802
791,288.0,15.5,175,5.026548245743669,4.789763412811682,-14.741376002574881
792,288.5,15.3,183,5.035274892003641,4.8547612429979115,-14.509351924654851
793,289.062,14.6,175,5.045083642399849,4.7682302528241305,-13.799419562287854
794,289.562,13.9,175,5.053810288659821,4.654091127995014,-13.097688184268172
795,290.187,13.7,175,5.064718596484785,4.727667963360311,-12.858427416609565
796,290.75,12.7,159,5.074544800173513,4.499496182570985,-11.87621716301235
797,291.312,12.5,191,5.0843535505697215,4.5430794432370085,-11.645189099900323
798,291.875,12.3,183,5.094179754258449,4.582769696372463,-11.414386619963873
799,292.375,12.3,183,5.102906400518421,4.682203248576099,-11.373960292660751
800,292.875,11.7,183,5.111633046778393,4.5480470507830315,-10.779854731111351
801,293.437,11.6,183,5.121441797174601,4.61378942719862,-10.642976422104402
802,293.937,11.5,175,5.130168443434573,4.665916869619921,-10.510909559395715
803,294.5,11.2,183,5.1399946471233005,4.644564317749875,-10.191566233817284
804,295.0,11.2,183,5.1487212933832724,4.733324531495835,-10.150647214810478
805,295.562,10.8,191,5.15853004377948,4.660065387005737,-9.742884100143606
806,296.062,10.1,175,5.167256690039452,4.437369134862039,-9.073023485088843
807,296.812,10.3,175,5.18034665942941,4.645964077419529,-9.19266108324066
808,299.187,9.6,35,5.221798229164275,4.681551233722928,-8.381114367793064
809,301.562,8.8,40,5.263249798899141,4.606103955858291,-7.498253553183342
810,303.312,9.1,84,5.293793060809041,4.99770049906267,-7.604800439306
811,304.0,8.1,167,5.305800926062762,4.529462518113051,-6.715204337695837
812,304.625,7.7,175,5.316709233887726,4.3751619602658955,-6.336241616403394
813,305.187,8.2,159,5.326517984283934,4.72522455570892,-6.701660458283859
814,305.812,7.8,175,5.3374262921088995,4.56399474153042,-6.325342046030608
815,306.437,7.7,183,5.348334599933864,4.573326762377208,-6.194730205951217
816,307.0,7.3,167,5.358160803622591,4.39324966900995,-5.830039223345239
817,307.625,8.2,175,5.369069111447557,5.006024620527767,-6.494591403519533
818,308.25,7.5,175,5.379977419272521,4.643204619823755,-5.889876981605587
819,308.75,7.3,175,5.388704065532492,4.569241346943628,-5.69315672657804
820,309.312,7.0,175,5.398512815928701,4.43480052014508,-5.41595276442852
821,310.0,7.0,175,5.410520681182422,4.499513267805774,-5.362311101832847
822,310.562,6.8,175,5.42032943157863,4.421839443348935,-5.165978700812033
823,311.125,6.9,167,5.430155635267358,4.538157512122516,-5.197607756955692
824,311.75,6.5,175,5.441063943092322,4.328230829005421,-4.849372937901048
825,312.562,6.6,167,5.4552360166185165,4.464158310313376,-4.8612025858279155
826,314.375,6.6,84,5.486878835957174,4.615720074262223,-4.717534122404706
827,316.75,7.1,50,5.528330405692039,5.1714338861650395,-4.864799231317152
828,319.187,7.3,50,5.570864079563141,5.5249814920700695,-4.771224110465069
829,321.562,7.5,55,5.612315649298006,5.874609931401807,-4.662505566095901
830,323.187,8.1,98,5.640677249642914,6.4848230331855765,-4.853562632568557
831,323.75,8.1,175,5.650503453331642,6.532201294566608,-4.789608151745017
832,324.25,8.5,183,5.659230099591613,6.8983788467026015,-4.966122157918196
833,324.75,8.7,183,5.667956745851585,7.104781529906605,-5.021163153323934
834,325.375,8.6,167,5.6788650536765495,7.076841285853138,-4.886544527050224
835,326.062,8.7,167,5.690855465637751,7.217887070489516,-4.857170600016048
836,328.5,8.0,65,5.733406592801373,6.821121314832738,-4.1799885177275895
837,330.875,8.7,60,5.774858162536238,7.599971443407204,-4.234434325786031
838,333.25,7.8,50,5.816309732271103,6.965235758606867,-3.5107678400919964
839,335.687,7.8,45,5.8588434061422054,7.108217091536885,-3.211424883067157
840,338.062,7.9,55,5.90029497587707,7.327950532415122,-2.9514642119593693
841,340.562,7.3,60,5.943928207176929,6.88391571625828,-2.4293423825085347
842,343.0,7.5,65,5.98647933434055,7.172285669722765,-2.1927877854205287
843,345.562,7.2,60,6.031194669776645,6.972609677309099,-1.795191991931643
844,347.937,6.5,70,6.072646239511511,6.356469591111661,-1.3584161134471127
845,350.25,7.5,65,6.113015705110139,7.391670442935582,-1.2701212788676868
846,352.687,8.0,65,6.155549378981242,7.934924696108532,-1.018317272310998
847,354.687,7.5,70,6.190455964021128,7.4677778574986915,-0.6944738087590198
848,356.5,8.0,84,6.222098783359785,7.985078387374935,-0.48838831627885493
849,358.25,7.6,84,6.252642045269686,7.5964552903590175,-0.23209270039465313
850,359.812,7.2,98,6.2799040881858375,7.199961241001669,-0.023624734362723932
851,0.5,6.7,159,0.008726646259971648,6.699744884529948,0.05846778783910536
852,1.187,6.9,167,0.02071705822117269,6.898519325029892,0.14293747650328298
853,1.875,6.7,159,0.032724923474893676,6.69641273609165,0.21921785490590012
854,2.5,7.0,159,0.04363323129985824,6.9933375510730045,0.305335711557352
855,3.187,6.2,167,0.05562364326105928,6.190411104673258,0.3446887801162438
856,3.875,6.8,167,0.06763150851478027,6.784454255692547,0.4595437437451216
857,4.562,6.2,159,0.07962192047598132,6.1803574648408794,0.4931344713013049
858,5.187,7.1,167,0.09053022830094588,7.070925051718074,0.641886993937201
859,5.812,6.7,159,0.10143853612591044,6.665558796243438,0.6784732373658743
860,6.5,6.7,167,0.11344640137963143,6.656931433033136,0.758461532244975
861,7.125,6.6,167,0.12435470920459599,6.549034219899382,0.8186273795732032
862,7.875,7.1,159,0.13744467859455345,7.033042317149398,0.9727876259419729
863,8.562,6.7,159,0.1494350905557545,6.625330772467697,0.9974929350088666
864,10.25,6.6,98,0.17889624832941878,6.494668604465519,1.1744274001273556
865,11.937,6.5,84,0.2083399528105631,6.359441531486933,1.344434233274033
866,12.562,6.1,159,0.21924826063552766,5.953973474742458,1.32672523985308
867,13.25,7.1,159,0.23125612588924865,6.9109927350691835,1.6273227755491404
868,14.0,7.3,159,0.24434609527920614,7.083158801814774,1.7660298378775743
869,15.812,6.9,84,0.2759714613253434,6.6389105286717545,1.8801241959751829
870,17.937,7.1,70,0.3130597079302229,6.75490963494888,2.1865945723143976
871,20.437,7.1,65,0.35669293923008116,6.653102542081112,2.4791584387759174
872,22.812,6.8,50,0.39814450896494646,6.268117398011004,2.6364188371258
873,25.25,7.6,45,0.4406956361285682,6.873859105453197,3.2419224232510833
874,27.687,5.6,35,0.48322930999967006,4.958794804756361,2.6019904081916443
875,30.125,7.7,65,0.5257804371632918,6.659980349179083,3.8645390085427334
876,32.625,8.5,60,0.56941366846315,7.158846486588436,4.582675744743502
877,35.062,8.3,45,0.6119473423342517,6.793806431680249,4.7680388178852
878,37.5,9.6,50,0.6544984694978736,7.616192066795858,5.844109718483718
879,40.0,8.2,60,0.6981317007977318,6.281564433575619,5.270858399429621
880,42.437,9.8,55,0.7406653746688336,7.232593463741643,6.612835381910068
881,44.937,10.7,55,0.7842986059686918,7.57435728154872,7.557718688298068
882,47.125,9.5,70,0.8224864100023278,6.463811134302472,6.9619785707848445
883,47.625,9.5,183,0.8312130562622995,6.402811059043829,7.01812015729184
884,48.125,9.5,183,0.8399397025222711,6.341323384933551,7.0737272867771
885,48.687,9.0,183,0.8497484529184792,5.94154896656203,6.760029280849728
886,51.125,9.4,55,0.892299580082101,5.899660197344268,7.318060505070439
887,53.5,9.1,45,0.9337511498169663,5.412887359437207,7.315097431616677
888,56.0,8.3,45,0.9773843811168246,4.641301098807199,6.881011852206847
889,58.375,9.2,40,1.0188359508516898,4.8240889269680505,7.833783634024126
890,60.375,7.5,70,1.0537425358915764,3.707409062146085,6.519594929588577
891,62.375,8.2,70,1.088649120931463,3.802197896153262,7.265211019542908
892,63.0,8.7,175,1.0995574287564276,3.949717347734057,7.751756760438799
893,63.625,8.1,167,1.1104657365813921,3.5983789019852885,7.256836037678345
894,64.187,9.0,175,1.1202744869776002,3.918918276153646,8.101979976822266
895,64.812,9.0,175,1.1311827948025648,3.830307981240183,8.144245868639265
896,65.437,9.1,183,1.1420911026275293,3.782811272625414,8.276493150827717
897,65.875,9.6,175,1.1497356447512646,3.923795717246447,8.761496856663161
898,66.375,9.2,183,1.1584622910112363,3.686889264548896,8.428929205477651
899,66.937,9.6,183,1.1682710414074444,3.760733184316927,8.832716791360259
900,67.437,9.4,183,1.176997687667416,3.606771158608621,8.6805070018651
901,68.0,9.8,183,1.1868238913561442,3.6711446154759373,9.086401774754517
902,68.5,10.0,183,1.1955505376161157,3.665012267242973,9.304175679820245
903,69.062,10.4,183,1.2053592880123238,3.716518090335365,9.713263781253445
904,69.562,10.4,183,1.2140859342722954,3.6316134355223566,9.74532625697742
905,70.125,11.2,183,1.2239121379610236,3.8076554849871354,10.532889428245573
906,70.625,11.2,191,1.2326387842209952,3.7155948676375443,10.565716008846042
907,71.187,11.0,183,1.2424475346172033,3.5472852232108676,10.412337275808436
908,71.75,11.1,191,1.2522737383059315,3.47611825196962,10.541660300840835
909,72.25,10.6,191,1.261000384565903,3.231561569696915,10.09539547621875
910,72.812,10.6,191,1.2708091349621111,3.132384487592572,10.12660690566635
911,73.312,10.8,191,1.279535781222083,3.1013270028839584,10.345132711627379
912,73.875,10.8,183,1.2893619849108109,2.999525535517957,10.375107062665702
913,74.375,10.5,191,1.2980886311707827,2.8280705665088726,10.111973935431509
914,74.937,10.8,183,1.3078973815669908,2.8067145769464896,10.428919085099668
915,75.437,10.5,183,1.3166240278269623,2.6401660573262555,10.162653353811805
916,76.0,10.5,183,1.3264502315156905,2.5401799037965107,10.188105125897962
917,76.5,10.6,191,1.335176877775662,2.474520856872598,10.307121156215372
918,77.062,10.6,183,1.3449856281718702,2.373303461473213,10.330896896192472
919,77.562,10.4,183,1.353712274431842,2.2399835481595662,10.155908315063428
920,78.125,10.3,183,1.36353847812057,2.11950527013002,10.079568314659666
921,78.625,10.2,191,1.3722651243805417,2.0117418953988837,9.999644721003687
922,79.187,10.6,191,1.3820738747767496,1.9886043468809889,10.411793925715493
923,79.75,10.7,183,1.3919000784654778,1.903995936570107,10.529235464815311
924,80.187,10.4,191,1.399527167296693,1.7725039981255426,10.247840239612879
925,80.687,10.5,183,1.4082538135566647,1.6991911377120161,10.361599754744484
926,81.187,10.1,183,1.4169804598166362,1.5474215479397995,9.980755810707503
927,81.812,10.4,183,1.4278887676416008,1.48118497622968,10.293983245867048
928,82.312,10.2,183,1.4366154139015725,1.3645420407406308,10.108314647806102
929,82.875,10.2,183,1.4464416175903005,1.2651514047949513,10.121234703480864
930,83.375,10.4,183,1.4551682638502723,1.1998540338136745,10.33055421057075
931,83.937,10.2,183,1.4649770142464804,1.077343724725095,10.142944863243388
932,84.437,10.4,183,1.473703660506452,1.0081779722989064,10.351018170990296
933,85.062,10.1,183,1.4846119683314165,0.8693848258253116,10.062513106805113
934,85.562,10.3,183,1.4933386145913883,0.7970169008121486,10.269117004875337
935,86.062,10.0,183,1.5020652608513598,0.6867696492920028,9.976389499654237
936,86.562,11.0,183,1.5107919071113316,0.6596526003031786,10.980203023938731
937,87.312,11.8,175,1.523881876501289,0.5533874635274422,11.787016684267936
938,87.875,13.4,183,1.5337080801900171,0.496868575951606,13.39078495153409
939,88.375,14.5,183,1.5424347264499887,0.41118807455798817,14.494168633189739
940,89.187,28.8,159,1.5566067999761826,0.40864465912229203,28.797100714179038
941,89.812,33.9,175,1.5675151078011471,0.11123312429117486,33.89981750971619
942,90.437,35.0,175,1.5784234156261119,-0.26694552092762625,34.99898198646436
943,91.0,39.6,175,1.5882496193148399,-0.6911152949164258,39.5939687281931
944,91.625,39.5,167,1.5991579271398044,-1.1201330306924457,39.48411455248239
945,92.187,39.9,191,1.6089666775360125,-1.522627193248587,39.87093686421702
946,92.687,40.1,183,1.6176933237959843,-1.8798803238848156,40.05591154833292
947,93.25,40.2,175,1.6275195274847123,-2.2790500600477746,40.13534515640542
948,93.75,39.7,175,1.6362461737446838,-2.596504230436674,39.61499925257256
949,94.312,40.0,183,1.646054924140892,-3.007503005852664,39.886776325867544
950,94.937,39.7,183,1.6569632319658567,-3.416594584932098,39.55271016557794
951,95.437,39.7,183,1.6656898782258283,-3.7616226207961425,39.521389085642156
952,96.062,40.0,167,1.6765981860507928,-4.224183124616872,39.77632809762236
953,96.625,41.0,175,1.686424389739521,-4.730193787150067,40.72622333013469
954,97.312,40.5,183,1.698414801700722,-5.154530081819952,40.1706462436891
955,97.875,39.7,175,1.7082410053894501,-5.439389964774133,39.32560281561002
956,98.5,40.2,175,1.7191493132144147,-5.941938327410349,39.75843770714906
957,99.0,40.2,183,1.7278759594743862,-6.2886654946172795,39.70507129192454
958,99.625,40.4,175,1.7387842672993508,-6.754837691451705,39.83129633544637
959,100.25,40.2,175,1.7496925751243153,-7.153330528048436,39.558436045380894
960,100.937,39.9,159,1.7616829870855164,-7.570208038947534,39.17527217834043
961,102.75,40.8,84,1.7933258064241737,-9.004455348877247,39.79396667674732
962,105.062,41.4,70,1.8336778187302825,-10.758374803916947,39.97771093470016
963,106.687,41.4,84,1.8620394190751903,-11.887728042172895,39.65654954727322
964,108.625,41.6,84,1.8958638999788404,-13.285909349639647,39.42137253766233
965,111.062,41.8,65,1.9383975738499422,-15.021999178345961,39.007429301169964
966,113.437,43.3,65,1.9798491435848076,-17.222162258422433,39.72766198940695
967,115.562,43.3,70,2.016937390189687,-18.683410301606337,39.06174829039056
968,116.25,43.9,159,2.028945255443408,-19.41647350061415,39.372713353285015
969,118.687,41.7,60,2.0714789293145097,-20.017020271078923,36.58153768593135
970,121.062,38.4,70,2.112930499049375,-19.813068190803822,32.89380380659187
971,121.687,38.3,175,2.12383880687434,-20.118170174365673,32.590630997807686
972,122.25,37.9,167,2.133665010563068,-20.223990153201676,32.053084442580584
973,122.875,38.7,167,2.1445733183880322,-21.00667134066367,32.502457740690005
974,123.5,39.2,175,2.155481626212997,-21.63592982423268,32.68832422503299
975,124.062,38.7,175,2.165290376609205,-21.675470650395468,32.06031771651437
976,124.687,39.4,183,2.1761986844341696,-22.42226302640601,32.397563500588525
977,125.312,39.7,167,2.1871069922591344,-22.947733163673302,32.39585687474324
978,125.937,39.9,183,2.1980153000840987,-23.417123926414614,32.305546072074684
979,126.5,39.5,175,2.2078415037728267,-23.495500076677974,31.752345994380086
980,128.562,41.1,70,2.24383019294895,-25.62014267025863,32.13749040537535
981,130.437,42.1,84,2.276555116423844,-27.30654608114359,32.04313563180704
982,131.125,42.7,159,2.288562981677565,-28.08396025617847,32.16490597420406
983,131.75,43.5,159,2.299471289502529,-28.96585247103629,32.45349581518393
984,133.375,44.4,98,2.327832889847437,-30.49260653264213,32.27322337240999
985,135.812,44.7,35,2.370366563718539,-32.05243028120464,31.156567735688025
986,138.25,0.1,40,2.4129176908821606,-0.07460573750616994,0.06658816660008343
987,140.75,4.2,60,2.4565509221820188,-3.2524491051451796,2.657362379962568
988,142.75,4.5,70,2.4914575072219054,-3.5820090114057987,2.723822946193025
989,143.375,4.9,159,2.50236581504687,-3.93253050833045,2.923218055679435
990,144.062,4.2,159,2.5143562270080713,-3.4005407748674137,2.465019764315112
991,145.875,4.9,84,2.5459990463467284,-4.0562965913879605,2.7489012282536485
992,148.0,5.0,70,2.5830872929516078,-4.24024048078213,2.6495963211660243
993,150.5,5.1,60,2.626720524251466,-4.438814049293488,2.511360156527682
994,152.937,0.1,30,2.669254198122568,-0.08905067970371705,0.04549699379416181
995,155.375,31.4,70,2.7118053252861896,-28.544307712205473,13.083672925861723
996,157.812,30.3,65,2.7543389991572917,-28.056275888551898,11.442699998927758
997,160.187,29.0,60,2.7957905688921567,-27.283312738669483,9.829590327371514
998,162.625,26.9,55,2.8383416960557786,-25.672572336681895,8.032996303860436
999,165.062,0.1,50,2.8808753699268803,-0.09662053298685931,0.025777366144259836
1000,167.562,4.7,60,2.9245086012267385,-4.589689334692126,1.0123002573413427
1001,169.937,0.1,25,2.965960170961604,-0.09846162215776443,0.017473092515683516
1002,172.312,0.1,30,3.0074117406964693,-0.09910112399809905,0.013377863144515976
1003,174.625,0.1,20,3.047781206295098,-0.09956029323293272,0.009367390851910228
1004,177.062,0.1,25,3.0903148801662,-0.0998685583025995,0.005125530466233549
1005,179.437,0.1,30,3.131766449901065,-0.09999517232489796,0.0009826045562489542
1006,181.937,0.1,35,3.1753996812009238,-0.09994285968672667,-0.0033800588218645417
1007,184.25,0.1,30,3.2157691467995524,-0.09972501850994857,-0.00741084901953994
1008,186.75,1.7,30,3.2594023780994106,-1.6882163768233747,-0.19981357567832417
1009,189.062,4.2,30,3.2997543904055195,-4.147577632716186,-0.6615132505040241
1010,191.562,1.5,35,3.3433876217053777,-1.4695625911131285,-0.30064229709218915
1011,194.0,0.1,45,3.385938748868999,-0.09702957262759965,-0.024192189559966753
1012,196.5,0.1,50,3.429571980168858,-0.09588197348681932,-0.028401534470392276
1013,198.937,0.1,50,3.4721056540399595,-0.0945875984831514,-0.03245283058825741
1014,201.375,0.1,25,3.514656781203581,-0.09312149347588038,-0.036447049987914946
1015,203.875,0.1,35,3.5582900125034396,-0.09144306445637822,-0.040474262968294566
1016,206.312,0.1,40,3.6008236863745413,-0.08963936141087642,-0.04432589407840842
1017,208.75,0.1,55,3.6433748135381627,-0.08767267557075079,-0.048098876891938744
1018,211.187,2.7,45,3.685908487409265,-2.3098007918043093,-1.398148884125073
1019,213.687,4.0,70,3.729541718709123,-3.3283199636879974,-2.218622595061163
1020,216.125,6.1,50,3.7720928458727445,-4.927169601649221,-3.5962480054334196
1021,218.562,3.0,65,3.8146265197438467,-2.345802219370464,-1.870083406588221
1022,221.0,4.2,70,3.857177646907468,-3.169780236935643,-2.7554479217601298
1023,223.5,3.2,60,3.9008108782073267,-2.3211979872393202,-2.202734642220013
1024,225.75,4.3,70,3.940080786377199,-3.0004989773192245,-3.0800983567260127
1025,227.375,4.4,84,3.968442386722107,-2.9796671880063825,-3.2375273664817317
1026,228.0,4.5,167,3.9793506945470716,-3.0110877286148616,-3.3441517146482744
1027,228.562,4.3,167,3.98915944494328,-2.845779613076429,-3.2235909160125398
1028,229.187,4.2,183,4.000067752768245,-2.7450878443771627,-3.1787564748896298
1029,229.687,4.8,183,4.008794399028216,-3.1054214727138962,-3.660103478975349
1030,230.187,5.1,183,4.017521045288188,-3.2654484051454298,-3.917505164429674
1031,230.812,4.9,183,4.028429353113152,-3.0961482255685433,-3.7978765337104843
1032,231.375,4.9,183,4.03825555680188,-3.0586806457305884,-3.828116078103316
1033,232.062,4.3,175,4.050245968763082,-2.643676142970703,-3.3913089583651246
1034,232.625,4.7,183,4.060072172451809,-2.853037019793411,-3.7349939442639437
1035,233.25,4.3,183,4.0709804802767735,-2.572795782453835,-3.44539139457156
1036,233.875,4.2,167,4.081888788101738,-2.4761051840689143,-3.3924774306437246
1037,234.437,4.7,175,4.091697538497947,-2.7335095248939276,-3.823339597434967
1038,235.062,4.0,167,4.102605846322911,-2.290758771577024,-3.2790889360374056
1039,235.625,4.4,175,4.112432050011639,-2.484270474286921,-3.631583705573402
1040,236.25,5.0,175,4.123340357836604,-2.777851165098011,-4.157348061512726
1041,236.875,3.9,175,4.134248665661568,-2.1312229877758697,-3.2661733843101004
1042,237.5,4.0,167,4.145156973486532,-2.149198433387297,-3.373565783251542
1043,238.125,4.9,159,4.1560652813114976,-2.587532468186802,-4.161090689480237
1044,238.812,5.0,167,4.168055693272699,-2.5892392547055594,-4.27736368361305
1045,240.562,3.8,84,4.198598955182599,-1.8676295346513518,-3.309374551376434
1046,242.75,4.4,70,4.236786759216235,-2.0146452265146095,-3.911675422537241
1047,245.187,4.4,65,4.279320433087337,-1.8464953752257198,-3.9938020518385775
1048,247.625,70.9,35,4.321871560250958,-26.989285392198838,-65.56209632110952
1049,250.062,76.4,40,4.364405234122061,-26.052636687830752,-71.82074993768789
1050,252.562,0.1,40,4.408038465421919,-0.029967360259286174,-0.09540417872970847
1051,254.937,0.1,30,4.449490035156784,-0.02598809793468971,-0.09656406560277471
1052,257.375,670.7,25,4.4920411623204055,-146.5942582369392,-654.4834707247859
1053,259.75,0.1,20,4.533492732055271,-0.017794354547384147,-0.09840406976462909
1054,262.187,0.1,25,4.576026405926373,-0.013594036249338552,-0.09907170220830805
1055,264.5,0.1,30,4.616395871525001,-0.009584575252022443,-0.09953961983671789
1056,266.937,0.1,25,4.658929545396104,-0.0053433974907419555,-0.09985713846919475
1057,269.437,0.1,25,4.702562776695962,-0.0009826045562489158,-0.09999517232489796
1058,271.812,205.1,50,4.744014346430827,6.485281392649412,-204.99744175295982
1059,274.187,36.1,60,4.785465916165693,2.6357300148045875,-36.00365158270836
1060,274.687,34.8,175,4.794192562425664,2.8435907082148315,-34.68362714429035
1061,275.187,35.4,183,4.802919208685636,3.2003943077995762,-35.2550347649042
1062,275.812,35.3,183,4.8138275165106,3.5746425789575187,-35.11854112050647
1063,276.312,35.7,183,4.822554162770572,3.924946656612042,-35.48358484909255
1064,276.875,35.2,183,4.8323803664593,4.213568666734678,-34.94690027871874
1065,277.437,35.5,175,4.842189116855509,4.5949766855198115,-35.201366298192596
1066,277.937,35.3,175,4.85091576311548,4.874370863392634,-34.961843611087055
1067,278.5,35.0,183,4.860741966804208,5.173329389536383,-34.61555521766709
1068,279.0,35.4,183,4.869468613064179,5.537780062424166,-34.96416725706788
1069,279.625,33.6,167,4.880376920889144,5.6178848126924965,-33.12701873443064
1070,280.125,32.7,183,4.889103567149116,5.74853835385339,-32.190748776539465
1071,280.625,32.8,183,4.897830213409088,6.047671200999367,-32.237643726621876
1072,281.125,32.9,183,4.906556859669059,6.348058878363753,-32.2817618552152
1073,281.687,33.1,183,4.9163656100652675,6.704905191663242,-32.413797160635276
1074,282.125,32.8,191,4.924010152189002,6.889481948522131,-32.06828711485831
1075,282.625,33.0,191,4.932736798448974,7.2127784729670275,-32.20210904117778
1076,283.25,32.8,183,4.943645106273938,7.517772822255172,-31.926839677502713
1077,283.75,22.0,175,4.95237175253391,5.229089631175808,-21.36952553589175
1078,284.25,21.2,183,4.961098398793882,5.218449812214659,-20.547695285783192
1079,284.937,19.9,183,4.973088810755083,5.12936027898773,-19.22757559153891
1080,285.5,18.6,159,4.982915014443811,4.9706337950555755,-17.92352642968039
1081,286.187,17.9,175,4.994905426405012,4.990040550898677,-17.190389620377626
1082,286.812,17.5,183,5.005813734229977,5.061565094784369,-16.75203148251759
1083,287.312,16.3,183,5.014540380489948,4.850469764671032,-15.561585493194842
1084,287.812,15.6,183,5.02326702674992,4.771957503622924,-14.852219416087848
1085,288.375,15.7,183,5.033093230438648,4.949189211869982,-14.899514292254958
1086,288.875,14.7,183,5.04181987669862,4.7555173225261695,-13.909531084661104
1087,289.5,14.3,175,5.052728184523584,4.7734380870429245,-13.479773322618152
1088,290.125,14.0,175,5.063636492348548,4.816971866360872,-13.145218980248593
1089,290.687,12.4,159,5.073445242744757,4.380456105640989,-11.600500174843868
1090,291.187,12.8,183,5.082171889004728,4.626086697155733,-11.93479458852974
1091,291.75,12.6,183,5.091998092693457,4.669023712623939,-11.703000366186243
1092,292.25,12.6,183,5.100724738953428,4.770972578640651,-11.661810350621337
1093,292.812,11.9,191,5.110533489349637,4.613732964970153,-10.969205446519256
1094,293.437,11.9,183,5.121441797174601,4.733111567557206,-10.91822581233124
1095,294.062,11.1,175,5.132350104999565,4.5257470123464545,-10.1354631852835
1096,294.562,11.6,183,5.141076751259537,4.821861001310097,-10.550339164408166
1097,295.062,11.3,191,5.149803397519509,4.786665688799644,-10.23610431676369
1098,295.625,11.1,175,5.159629601208237,4.800519190264844,-10.008247374235857
1099,296.125,10.3,183,5.168356247468209,4.535408954060556,-9.247705965234154
1100,296.875,10.7,167,5.181446216858165,4.836887344090895,-9.544344965505664
1101,299.312,11.0,35,5.223979890729268,5.385215954530126,-9.5916343301376
1102,301.75,9.9,40,5.2665310178928895,5.209517844153508,-8.418487027456072
1103,303.5,8.6,84,5.29707427980279,4.746658073683699,-7.171418069777648
1104,304.125,9.2,167,5.307982587627754,5.161202306108887,-7.61590380423862
1105,304.812,8.5,167,5.319972999588956,4.85252705816087,-6.9787521198145885
1106,305.437,7.8,175,5.330881307413921,4.52249801704458,-6.355077630196805
1107,305.937,8.0,175,5.339607953673892,4.695162692012954,-6.477302470591416
1108,306.5,8.0,175,5.34943415736262,4.758582294010731,-6.430854884937738
1109,307.125,7.8,175,5.360342465187585,4.707736347237856,-6.2191010994271165
1110,307.75,7.9,167,5.371250773012549,4.836516512272147,-6.2464476325763645
1111,308.25,7.5,175,5.379977419272521,4.643204619823755,-5.889876981605587
1112,308.875,7.6,175,5.390885727097485,4.7699380318953635,-5.916729770056951
1113,309.5,7.2,159,5.40179403492245,4.579763185999898,-5.555697000391586
1114,310.062,7.2,167,5.411602785318658,4.634036445955473,-5.510508707692638
1115,310.625,6.7,167,5.421428989007386,4.362406514410058,-5.085214784355986
1116,311.312,6.8,167,5.433419400968587,4.489081185560276,-5.107656028889253
1117,311.875,6.7,167,5.443245604657315,4.472301755689978,-4.988839244358585
1118,314.062,6.5,70,5.481415955398432,4.520336367141037,-4.670819963122339
1119,314.937,7.3,175,5.4966875863533815,5.156200600427653,-5.167552164047259
1120,317.375,8.1,45,5.539238713517004,5.95999356102319,-5.485296414284475
1121,319.812,7.9,50,5.5817723873881055,6.035056450167465,-5.097851865569662
1122,322.187,8.2,60,5.6232239571229705,6.478130608279171,-5.027307810555916
1123,323.625,8.4,98,5.648321791766649,6.763282247928008,-4.981768083207194
1124,324.125,8.6,183,5.657048438026621,6.968557782193462,-5.039762140838685
1125,324.625,8.6,183,5.665775084286592,7.012272104091358,-4.978758875280279
1126,325.25,8.0,175,5.676683392111557,6.5731755035373105,-4.5599741007704235
1127,325.812,7.7,159,5.686492142507765,6.3694267452289735,-4.32670809474846
1128,328.187,8.6,65,5.727943712242631,7.308048734253566,-4.5334781016097185
1129,330.625,8.3,60,5.770494839406252,7.232851780407171,-4.071345615722255
1130,333.062,8.4,45,5.813028513277354,7.48857704639826,-3.80541900717347
1131,335.5,7.9,55,5.8555796404409755,7.188694039924691,-3.2760766169842905
1132,337.937,6.9,55,5.898113314312078,6.394722609576519,-2.5918184246916076
1133,340.312,6.6,60,5.939564884046943,6.214171426508696,-2.223527261349154
1134,342.687,8.3,60,5.981016453781808,7.923954412484862,-2.4700094066342513
1135,345.062,7.8,65,6.022468023516674,7.536401572975026,-2.0106345592522645
1136,347.5,7.2,65,6.065019150680295,7.02933125126352,-1.5583652203543408
1137,349.937,8.0,70,6.107552824551397,7.876929772621153,-1.397847401254682
1138,352.187,7.4,70,6.14682273272127,7.3313059634147955,-1.0059586824510534
1139,354.375,7.5,70,6.1850105367549055,7.463885450041477,-0.7351285524717038
1140,356.312,7.5,70,6.218817564366035,7.484468340002826,-0.48242477910587467
1141,358.062,7.3,84,6.249360826275937,7.295824449519489,-0.24687163019199163
1142,359.625,6.8,98,6.2766403224846075,6.799854355316079,-0.044505578177994554
